"idRegistro";"bytesEnviados";"bytesRecebidos";"armUsadoPercent";"ramUsadoPercent";"cpuUsadoPercent";"qtdProcessos";"dataHora"
1;0.0;0.0;30.1;77.8;11.4;249;"2025-04-21 17:50:09"
2;0.0;0.0;30.1;78.1;5.3;249;"2025-04-21 17:50:19"
3;2094.0;0.0;30.1;78.1;6.7;248;"2025-04-21 17:50:29"
4;0.0;0.0;30.1;77.9;4.9;248;"2025-04-21 17:50:39"
5;0.0;0.0;30.1;78.0;3.4;248;"2025-04-21 17:50:49"
6;915.0;574.0;30.1;78.0;6.5;248;"2025-04-21 17:50:59"
7;0.0;0.0;30.1;78.0;3.5;248;"2025-04-21 17:51:09"
8;0.0;0.0;30.1;78.0;3.4;247;"2025-04-21 17:51:19"
9;0.0;0.0;30.1;78.0;6.0;246;"2025-04-21 17:51:29"
10;0.0;0.0;30.1;78.0;2.1;246;"2025-04-21 17:51:39"
11;0.0;0.0;30.1;77.1;8.5;246;"2025-04-21 17:51:49"
12;347.0;316.0;30.1;77.1;3.3;246;"2025-04-21 17:51:59"
13;0.0;0.0;30.1;76.2;4.5;252;"2025-04-21 17:52:11"
14;82.0;138.0;30.1;84.0;67.7;256;"2025-04-21 17:52:26"
15;260.0;0.0;30.1;89.0;34.8;257;"2025-04-21 17:52:38"
16;0.0;0.0;30.1;87.8;49.7;262;"2025-04-21 17:52:51"
17;204.0;292.0;30.1;89.6;21.5;260;"2025-04-21 17:53:03"
18;75.0;74.0;30.1;84.3;11.4;260;"2025-04-21 17:53:13"
19;0.0;0.0;30.1;84.3;4.8;260;"2025-04-21 17:53:24"
20;0.0;0.0;30.1;83.7;20.7;260;"2025-04-21 17:53:34"
21;75.0;86.0;30.1;83.1;3.7;260;"2025-04-21 17:53:44"
22;0.0;0.0;30.1;83.1;11.3;259;"2025-04-21 17:53:55"
23;0.0;0.0;30.1;83.2;5.3;258;"2025-04-21 17:54:05"
24;54.0;10710.0;30.1;83.1;5.4;260;"2025-04-21 17:54:16"
25;0.0;0.0;30.1;84.9;20.3;259;"2025-04-21 17:54:26"
26;404.0;348.0;30.1;84.7;5.6;259;"2025-04-21 17:54:37"
27;0.0;0.0;30.1;84.9;3.6;259;"2025-04-21 17:54:47"
28;336.0;570.0;30.1;84.5;6.0;259;"2025-04-21 17:54:57"
29;238.0;172.0;30.1;85.1;8.4;258;"2025-04-21 17:55:08"
30;0.0;0.0;30.1;84.5;4.3;257;"2025-04-21 17:55:18"
31;0.0;0.0;30.1;84.2;4.0;257;"2025-04-21 17:55:28"
32;0.0;0.0;30.1;84.4;3.5;257;"2025-04-21 17:55:39"
33;136.0;527.0;30.1;84.4;3.9;257;"2025-04-21 17:55:49"
34;347.0;315.0;30.1;84.4;3.4;257;"2025-04-21 17:55:59"
35;0.0;0.0;30.1;84.5;4.6;257;"2025-04-21 17:56:09"
36;0.0;0.0;30.1;84.3;3.9;257;"2025-04-21 17:56:19"
37;0.0;0.0;30.1;84.5;2.5;257;"2025-04-21 17:56:29"
38;322.0;673.0;30.1;84.4;8.1;257;"2025-04-21 17:56:40"
39;0.0;0.0;30.1;83.8;4.7;257;"2025-04-21 17:56:50"
40;296.0;452.0;30.1;83.8;3.8;257;"2025-04-21 17:57:00"
41;0.0;0.0;30.1;83.7;3.9;256;"2025-04-21 17:57:10"
42;0.0;0.0;30.1;83.8;7.4;256;"2025-04-21 17:57:21"
43;0.0;0.0;30.1;84.0;1.6;256;"2025-04-21 17:57:31"
44;6937.0;6594.0;30.1;83.7;5.9;256;"2025-04-21 17:57:41"
45;54.0;375.0;30.1;83.7;1.7;256;"2025-04-21 17:57:51"
46;0.0;0.0;30.1;83.7;5.2;256;"2025-04-21 17:58:01"
47;42.0;60.0;30.1;83.7;2.9;256;"2025-04-21 17:58:11"
48;7238.0;7424.0;30.1;83.7;1.4;256;"2025-04-21 17:58:21"
49;0.0;0.0;30.1;83.7;5.7;256;"2025-04-21 17:58:31"
50;242.0;210.0;30.1;83.8;9.3;256;"2025-04-21 17:58:41"
51;0.0;0.0;30.1;83.9;1.2;256;"2025-04-21 17:58:51"
52;0.0;0.0;30.1;83.7;1.4;256;"2025-04-21 17:59:01"
53;347.0;315.0;30.1;83.7;1.4;256;"2025-04-21 17:59:11"
54;16725.0;1089486.0;30.1;83.9;2.7;256;"2025-04-21 17:59:21"
55;0.0;0.0;30.1;84.0;1.3;256;"2025-04-21 17:59:31"
56;0.0;0.0;30.1;83.8;3.6;256;"2025-04-21 17:59:41"
57;106.0;122.0;30.1;83.8;2.1;256;"2025-04-21 17:59:51"
58;0.0;0.0;30.1;83.7;6.3;255;"2025-04-21 18:00:01"
59;128.0;138.0;30.1;83.9;17.8;256;"2025-04-21 18:00:11"
60;82.0;78.0;30.1;83.9;2.6;256;"2025-04-21 18:00:21"
61;4595.0;375.0;30.1;83.9;4.1;255;"2025-04-21 18:00:31"
62;42.0;60.0;30.1;83.6;3.1;255;"2025-04-21 18:00:41"
63;110.0;0.0;30.1;83.7;2.8;255;"2025-04-21 18:00:50"
64;0.0;0.0;30.1;83.8;10.7;255;"2025-04-21 18:01:01"
65;42.0;60.0;30.1;83.8;4.3;255;"2025-04-21 18:01:10"
66;0.0;0.0;30.1;83.8;3.5;255;"2025-04-21 18:01:20"
67;0.0;0.0;30.1;83.8;3.5;255;"2025-04-21 18:01:30"
68;42.0;60.0;30.1;83.8;3.1;255;"2025-04-21 18:01:40"
69;347.0;376.0;30.1;83.2;4.0;255;"2025-04-21 18:01:50"
70;0.0;0.0;30.1;83.1;2.6;255;"2025-04-21 18:02:00"
71;42.0;60.0;30.1;83.1;4.7;254;"2025-04-21 18:02:10"
72;0.0;0.0;30.1;83.5;6.4;259;"2025-04-21 18:02:21"
73;19895.0;1072592.0;30.1;83.3;8.2;259;"2025-04-21 18:02:31"
74;42.0;60.0;30.1;83.3;3.8;259;"2025-04-21 18:02:41"
75;12834.0;1127042.0;30.1;83.3;7.5;259;"2025-04-21 18:02:51"
76;12203.0;579101.0;30.1;83.6;6.2;259;"2025-04-21 18:03:01"
77;96.0;381.0;30.1;83.6;4.4;259;"2025-04-21 18:03:11"
78;0.0;0.0;30.1;83.6;3.8;257;"2025-04-21 18:03:21"
79;2748.0;268435.0;30.1;83.6;3.2;257;"2025-04-21 18:03:31"
80;42.0;60.0;30.1;83.6;2.8;257;"2025-04-21 18:03:41"
81;0.0;0.0;30.1;83.5;4.3;255;"2025-04-21 18:03:51"
82;0.0;0.0;30.1;83.5;4.0;255;"2025-04-21 18:04:01"
83;42.0;60.0;30.1;83.5;2.8;255;"2025-04-21 18:04:11"
84;82.0;138.0;30.1;83.0;4.3;255;"2025-04-21 18:04:21"
85;347.0;375.0;30.1;83.0;4.0;255;"2025-04-21 18:04:31"
86;42.0;60.0;30.1;83.1;2.6;255;"2025-04-21 18:04:41"
87;0.0;0.0;30.1;83.1;4.4;255;"2025-04-21 18:04:50"
88;90.0;0.0;30.1;83.2;3.8;255;"2025-04-21 18:05:00"
89;42.0;60.0;30.1;83.0;3.5;255;"2025-04-21 18:05:10"
90;0.0;0.0;30.1;83.5;12.6;255;"2025-04-21 18:05:20"
91;0.0;0.0;30.1;77.6;2.0;255;"2025-04-21 18:05:30"
92;0.0;0.0;30.1;77.6;3.6;255;"2025-04-21 18:05:40"
93;294.0;0.0;30.1;77.6;7.1;255;"2025-04-21 18:05:50"
94;86.0;86.0;30.1;77.7;4.0;255;"2025-04-21 18:06:00"
95;0.0;0.0;30.1;77.7;4.9;257;"2025-04-21 18:06:10"
96;0.0;0.0;30.1;78.1;4.4;257;"2025-04-21 18:06:20"
97;0.0;0.0;30.1;78.1;3.1;256;"2025-04-21 18:06:30"
98;86.0;86.0;30.1;78.0;7.7;256;"2025-04-21 18:06:40"
99;0.0;0.0;30.1;78.0;6.0;256;"2025-04-21 18:06:50"
100;0.0;0.0;30.1;77.5;4.4;256;"2025-04-21 18:07:00"
101;288.0;376.0;30.1;77.5;5.7;254;"2025-04-21 18:07:09"
102;0.0;0.0;30.1;77.6;2.9;253;"2025-04-21 18:07:19"
103;0.0;0.0;30.1;77.4;4.7;252;"2025-04-21 18:07:29"
104;0.0;0.0;30.1;77.4;6.6;252;"2025-04-21 18:07:39"
105;0.0;0.0;30.1;77.5;1.7;254;"2025-04-21 18:07:49"
106;12052.0;21259.0;30.1;77.5;5.1;254;"2025-04-21 18:07:59"
107;0.0;0.0;30.1;77.6;3.8;254;"2025-04-21 18:08:09"
108;0.0;0.0;30.1;77.5;4.0;254;"2025-04-21 18:08:19"
109;0.0;0.0;30.1;77.5;17.9;254;"2025-04-21 18:08:29"
110;0.0;0.0;30.1;77.6;2.5;254;"2025-04-21 18:08:39"
111;0.0;0.0;30.1;77.6;5.3;253;"2025-04-21 18:08:49"
112;0.0;0.0;30.1;77.6;2.9;253;"2025-04-21 18:08:59"
113;2382.0;8783.0;30.1;77.7;8.7;253;"2025-04-21 18:09:08"
114;12754.0;795488.0;30.1;77.8;3.9;253;"2025-04-21 18:09:18"
115;19824.0;1360826.0;30.1;77.7;4.0;253;"2025-04-21 18:09:28"
116;86.0;86.0;30.1;77.8;4.1;253;"2025-04-21 18:09:38"
117;6932.0;296063.0;30.1;77.8;2.6;253;"2025-04-21 18:09:48"
118;3900.0;0.0;30.1;77.8;3.9;253;"2025-04-21 18:09:58"
119;0.0;0.0;30.1;77.9;27.6;256;"2025-04-21 18:10:09"
120;0.0;0.0;30.0;79.6;3.6;256;"2025-04-21 18:10:18"
121;2154.0;0.0;30.0;79.4;3.4;255;"2025-04-21 18:10:28"
122;347.0;375.0;30.0;79.2;4.2;255;"2025-04-21 18:10:38"
123;0.0;0.0;30.0;78.6;3.1;254;"2025-04-21 18:10:48"
124;0.0;0.0;30.0;78.6;3.9;254;"2025-04-21 18:10:58"
125;0.0;0.0;30.0;78.7;4.4;254;"2025-04-21 18:11:08"
126;108.0;0.0;30.0;78.8;6.2;254;"2025-04-21 18:11:18"
127;0.0;0.0;30.0;78.7;3.1;254;"2025-04-21 18:11:28"
128;0.0;0.0;30.0;78.7;5.4;254;"2025-04-21 18:11:38"
129;0.0;0.0;30.0;78.5;3.4;254;"2025-04-21 18:11:48"
130;14742.0;88798.0;30.0;78.8;10.5;254;"2025-04-21 18:11:58"
131;1040.0;305.0;30.0;78.5;3.8;254;"2025-04-21 18:12:08"
132;2486.0;1974.0;30.0;78.6;5.7;254;"2025-04-21 18:12:18"
133;0.0;0.0;30.0;78.6;2.2;254;"2025-04-21 18:12:28"
134;0.0;0.0;30.0;78.7;8.8;254;"2025-04-21 18:12:37"
135;0.0;0.0;30.0;78.8;5.4;254;"2025-04-21 18:12:47"
136;0.0;0.0;30.0;78.9;4.9;254;"2025-04-21 18:12:57"
137;170.0;0.0;30.0;79.0;4.8;254;"2025-04-21 18:13:07"
138;0.0;0.0;30.0;78.9;3.2;254;"2025-04-21 18:13:17"
139;148.0;172.0;30.0;78.9;2.3;254;"2025-04-21 18:13:27"
140;256.0;78.0;30.0;78.9;6.1;254;"2025-04-21 18:13:37"
141;0.0;0.0;30.0;78.8;4.0;254;"2025-04-21 18:13:47"
142;0.0;0.0;30.0;78.8;2.5;254;"2025-04-21 18:13:57"
143;170.0;0.0;30.0;78.8;3.1;254;"2025-04-21 18:14:07"
144;0.0;0.0;30.0;78.9;11.1;254;"2025-04-21 18:14:17"
145;0.0;0.0;30.0;78.9;3.4;254;"2025-04-21 18:14:27"
146;314.0;0.0;30.0;78.8;3.3;254;"2025-04-21 18:14:37"
147;0.0;0.0;30.0;78.8;9.3;254;"2025-04-21 18:14:47"
148;0.0;0.0;30.0;78.9;2.2;254;"2025-04-21 18:14:57"
149;314.0;0.0;30.1;78.9;4.7;254;"2025-04-21 18:15:07"
150;0.0;0.0;30.1;78.9;3.8;254;"2025-04-21 18:15:17"
151;13972.0;1019614.0;30.1;79.2;3.4;254;"2025-04-21 18:15:27"
152;10052.0;749460.0;30.1;78.5;2.9;254;"2025-04-21 18:15:37"
153;7589.0;611899.0;30.1;78.5;8.9;254;"2025-04-21 18:15:47"
154;86.0;78.0;30.1;78.5;5.1;254;"2025-04-21 18:15:57"
155;1418.0;590.0;30.1;78.6;2.7;254;"2025-04-21 18:16:07"
156;0.0;0.0;30.1;78.6;6.3;254;"2025-04-21 18:16:16"
157;8267.0;8402.0;30.1;78.6;5.8;254;"2025-04-21 18:16:27"
158;1248.0;590.0;30.1;79.1;2.9;254;"2025-04-21 18:16:37"
159;348.0;315.0;30.1;79.2;3.3;254;"2025-04-21 18:16:47"
160;0.0;0.0;30.1;78.1;7.9;254;"2025-04-21 18:16:57"
161;1248.0;590.0;30.1;78.4;7.0;254;"2025-04-21 18:17:07"
162;11670.0;810984.0;30.1;78.7;7.4;253;"2025-04-21 18:17:17"
163;0.0;0.0;30.1;78.7;4.3;253;"2025-04-21 18:17:27"
164;10071.0;255975.0;30.1;78.8;3.0;253;"2025-04-21 18:17:37"
165;0.0;0.0;30.1;78.8;5.3;253;"2025-04-21 18:17:47"
166;0.0;0.0;30.1;78.8;4.0;252;"2025-04-21 18:17:56"
167;347.0;316.0;30.1;78.7;8.5;252;"2025-04-21 18:18:06"
168;0.0;0.0;30.1;78.9;4.2;252;"2025-04-21 18:18:16"
169;6160.0;280097.0;30.1;78.9;3.8;252;"2025-04-21 18:18:26"
170;0.0;0.0;30.1;78.9;4.3;252;"2025-04-21 18:18:36"
171;0.0;0.0;30.1;78.9;4.5;252;"2025-04-21 18:18:46"
172;0.0;0.0;30.1;78.8;3.9;252;"2025-04-21 18:18:55"
173;0.0;0.0;30.1;78.9;4.0;252;"2025-04-21 18:19:05"
174;0.0;0.0;30.1;78.9;4.5;252;"2025-04-21 18:19:15"
175;0.0;0.0;30.1;78.9;2.9;252;"2025-04-21 18:19:25"
176;3642.0;4596.0;30.1;78.9;3.1;252;"2025-04-21 18:19:35"
177;0.0;0.0;30.1;78.9;2.9;252;"2025-04-21 18:19:45"
178;0.0;0.0;30.1;78.9;3.4;252;"2025-04-21 18:19:54"
179;0.0;0.0;30.1;78.8;4.5;253;"2025-04-21 18:20:04"
180;347.0;315.0;30.1;78.9;3.9;253;"2025-04-21 18:20:14"
181;0.0;0.0;30.1;78.8;4.4;253;"2025-04-21 18:20:24"
182;2154.0;0.0;30.1;78.5;3.0;252;"2025-04-21 18:20:34"
183;0.0;0.0;30.1;78.2;5.5;252;"2025-04-21 18:20:44"
184;0.0;0.0;30.1;78.3;14.2;252;"2025-04-21 18:20:54"
185;0.0;0.0;30.1;78.5;3.6;252;"2025-04-21 18:21:04"
186;0.0;0.0;30.1;78.6;4.7;252;"2025-04-21 18:21:14"
187;0.0;0.0;30.1;78.6;2.1;252;"2025-04-21 18:21:24"
188;6463.0;325766.0;30.1;78.6;4.2;252;"2025-04-21 18:21:34"
189;0.0;0.0;30.1;78.6;7.7;252;"2025-04-21 18:21:43"
190;0.0;0.0;30.1;77.4;8.8;252;"2025-04-21 18:21:54"
191;0.0;0.0;30.1;77.2;4.0;252;"2025-04-21 18:22:04"
192;0.0;0.0;30.1;77.3;3.5;252;"2025-04-21 18:22:13"
193;296.0;120.0;30.1;77.5;3.9;252;"2025-04-21 18:22:23"
194;0.0;0.0;30.1;77.5;3.6;252;"2025-04-21 18:22:33"
195;0.0;0.0;30.1;77.6;4.2;252;"2025-04-21 18:22:43"
196;0.0;0.0;30.1;77.6;3.3;254;"2025-04-21 18:22:53"
197;0.0;0.0;30.1;77.8;8.2;254;"2025-04-21 18:23:03"
198;42.0;60.0;30.1;77.8;2.7;254;"2025-04-21 18:23:13"
199;0.0;0.0;30.1;77.8;6.3;254;"2025-04-21 18:23:22"
200;0.0;0.0;30.1;77.8;3.1;254;"2025-04-21 18:23:32"
201;348.0;316.0;30.1;77.8;3.8;254;"2025-04-21 18:23:42"
202;0.0;0.0;30.1;77.8;7.4;253;"2025-04-21 18:23:52"
203;2820.0;0.0;30.1;78.0;3.4;253;"2025-04-21 18:24:02"
204;0.0;0.0;30.1;78.0;7.5;253;"2025-04-21 18:24:12"
205;12301.0;736.0;30.1;77.8;37.8;253;"2025-04-21 18:24:22"
206;15489.0;629088.0;30.1;78.2;20.4;253;"2025-04-21 18:24:32"
207;0.0;0.0;30.1;77.5;6.7;253;"2025-04-21 18:24:42"
208;0.0;0.0;30.1;77.4;5.1;253;"2025-04-21 18:24:52"
209;12000.0;821462.0;30.1;77.4;7.7;253;"2025-04-21 18:25:02"
210;6151.0;289677.0;30.1;77.4;11.3;253;"2025-04-21 18:25:12"
211;2194.0;8209.0;30.1;77.5;3.2;253;"2025-04-21 18:25:22"
212;0.0;0.0;30.1;77.4;4.3;253;"2025-04-21 18:25:31"
213;0.0;0.0;30.1;77.4;3.6;253;"2025-04-21 18:25:41"
214;0.0;0.0;30.1;77.4;5.2;253;"2025-04-21 18:25:51"
215;86.0;78.0;30.1;77.5;3.2;253;"2025-04-21 18:26:01"
216;0.0;0.0;30.1;77.5;6.0;253;"2025-04-21 18:26:11"
217;82.0;138.0;30.1;77.6;3.9;253;"2025-04-21 18:26:21"
218;0.0;0.0;30.1;77.6;4.5;253;"2025-04-21 18:26:31"
219;0.0;0.0;30.1;77.6;8.0;253;"2025-04-21 18:26:40"
220;0.0;0.0;30.1;77.6;4.8;253;"2025-04-21 18:26:50"
221;0.0;0.0;30.1;76.0;5.7;253;"2025-04-21 18:27:00"
222;347.0;320.0;30.1;76.1;7.7;253;"2025-04-21 18:27:10"
223;0.0;0.0;30.1;76.1;6.5;253;"2025-04-21 18:27:20"
224;0.0;0.0;30.1;76.2;4.3;253;"2025-04-21 18:27:30"
225;0.0;0.0;30.1;76.2;4.0;253;"2025-04-21 18:27:40"
226;1742.0;9957.0;30.1;76.4;7.0;253;"2025-04-21 18:27:49"
227;1040.0;393.0;30.1;76.2;2.0;253;"2025-04-21 18:27:59"
228;1039.0;393.0;30.1;76.2;4.5;253;"2025-04-21 18:28:09"
229;3242.0;361.0;30.1;76.2;4.0;253;"2025-04-21 18:28:19"
230;0.0;0.0;30.1;76.3;4.0;253;"2025-04-21 18:28:29"
231;14095.0;878255.0;30.1;76.3;2.7;253;"2025-04-21 18:28:39"
232;0.0;0.0;30.1;76.4;4.9;253;"2025-04-21 18:28:48"
233;11085.0;1128564.0;30.1;76.4;4.9;253;"2025-04-21 18:28:59"
234;1562.0;590.0;30.1;76.4;13.0;260;"2025-04-21 18:29:09"
235;8048.0;25978.0;30.1;77.8;11.0;260;"2025-04-21 18:29:20"
236;5881.0;2647.0;30.1;81.6;5.5;256;"2025-04-21 18:29:30"
237;475.0;793.0;30.1;81.6;4.5;257;"2025-04-21 18:29:40"
238;347.0;315.0;30.1;81.8;15.1;257;"2025-04-21 18:29:51"
239;0.0;0.0;30.1;79.9;3.9;256;"2025-04-21 18:30:01"
240;0.0;0.0;30.1;80.0;3.3;257;"2025-04-21 18:30:11"
241;82.0;78.0;30.1;80.1;3.8;257;"2025-04-21 18:30:21"
242;4388.0;220.0;30.1;80.1;3.9;256;"2025-04-21 18:30:31"
243;0.0;0.0;30.1;79.7;4.9;256;"2025-04-21 18:30:41"
244;0.0;0.0;30.1;79.7;3.3;256;"2025-04-21 18:30:51"
245;7223.0;48177.0;30.1;79.9;31.6;256;"2025-04-21 18:31:01"
246;108.0;60.0;30.1;80.0;7.7;256;"2025-04-21 18:31:12"
247;0.0;0.0;30.1;79.9;4.0;256;"2025-04-21 18:31:22"
248;0.0;0.0;30.1;79.9;4.0;256;"2025-04-21 18:31:32"
249;6948.0;4256.0;30.1;79.9;5.1;256;"2025-04-21 18:31:42"
250;22327.0;813388.0;30.1;81.0;29.8;256;"2025-04-21 18:31:52"
251;54.0;0.0;30.1;79.5;7.3;256;"2025-04-21 18:32:02"
252;8689.0;661746.0;30.1;79.4;10.4;256;"2025-04-21 18:32:13"
253;86.0;86.0;30.1;79.6;4.5;255;"2025-04-21 18:32:23"
254;5542.0;575779.0;30.1;79.6;4.4;255;"2025-04-21 18:32:33"
255;42.0;60.0;30.1;79.6;4.4;255;"2025-04-21 18:32:43"
256;148.0;359.0;30.1;79.6;5.5;254;"2025-04-21 18:32:53"
257;347.0;376.0;30.1;79.6;3.0;254;"2025-04-21 18:33:03"
258;42.0;60.0;30.1;79.7;6.1;254;"2025-04-21 18:33:13"
259;0.0;0.0;30.1;79.7;4.7;254;"2025-04-21 18:33:22"
260;9909.0;704830.0;30.1;79.7;3.3;254;"2025-04-21 18:33:32"
261;0.0;0.0;30.1;79.5;3.6;254;"2025-04-21 18:33:42"
262;0.0;0.0;30.1;79.5;3.9;254;"2025-04-21 18:33:52"
263;0.0;0.0;30.1;79.5;3.5;254;"2025-04-21 18:34:02"
264;42.0;60.0;30.1;79.5;10.4;253;"2025-04-21 18:34:12"
265;347.0;376.0;30.1;79.6;3.7;253;"2025-04-21 18:34:22"
266;75.0;86.0;30.1;79.6;3.0;252;"2025-04-21 18:34:32"
267;0.0;0.0;30.1;79.5;5.7;252;"2025-04-21 18:34:42"
268;0.0;0.0;30.1;79.5;3.1;252;"2025-04-21 18:34:52"
269;103.0;187.0;30.1;79.5;5.1;252;"2025-04-21 18:35:02"
270;54.0;60.0;30.1;79.6;4.2;252;"2025-04-21 18:35:11"
271;0.0;0.0;30.1;79.6;4.7;252;"2025-04-21 18:35:21"
272;4758.0;182.0;30.1;79.5;13.4;253;"2025-04-21 18:35:31"
273;0.0;0.0;30.1;79.8;2.0;253;"2025-04-21 18:35:41"
274;0.0;0.0;30.1;79.8;4.9;253;"2025-04-21 18:35:51"
275;0.0;0.0;30.1;79.6;4.7;252;"2025-04-21 18:36:01"
276;0.0;0.0;30.1;79.6;2.2;252;"2025-04-21 18:36:11"
277;82.0;78.0;30.1;79.4;2.1;252;"2025-04-21 18:36:21"
278;413.0;698.0;30.1;79.3;4.1;252;"2025-04-21 18:36:30"
279;0.0;0.0;30.1;79.3;2.0;252;"2025-04-21 18:36:40"
280;0.0;0.0;30.1;78.9;1.7;252;"2025-04-21 18:36:50"
281;141.0;221.0;30.1;78.6;2.1;252;"2025-04-21 18:37:00"
282;0.0;0.0;30.1;78.6;1.9;252;"2025-04-21 18:37:10"
283;0.0;0.0;30.1;78.7;2.8;252;"2025-04-21 18:37:19"
284;0.0;0.0;30.1;78.7;2.5;252;"2025-04-21 18:37:29"
285;0.0;0.0;30.1;78.7;7.1;252;"2025-04-21 18:37:39"
286;0.0;0.0;30.1;78.7;1.7;254;"2025-04-21 18:37:49"
287;54.0;120.0;30.1;78.9;12.7;256;"2025-04-21 18:37:59"
288;3900.0;0.0;30.1;79.3;3.0;256;"2025-04-21 18:38:09"
289;10105.0;58479.0;30.1;79.8;5.9;256;"2025-04-21 18:38:19"
290;0.0;0.0;30.1;79.9;1.6;256;"2025-04-21 18:38:29"
291;661.0;315.0;30.1;79.9;1.7;257;"2025-04-21 18:38:39"
292;0.0;0.0;30.1;79.9;1.4;256;"2025-04-21 18:38:49"
293;2599.0;690.0;30.1;80.5;12.5;255;"2025-04-21 18:38:59"
294;0.0;0.0;30.1;80.2;4.4;255;"2025-04-21 18:39:09"
295;0.0;0.0;30.1;80.4;4.2;255;"2025-04-21 18:39:20"
296;0.0;0.0;30.1;80.9;5.7;254;"2025-04-21 18:39:30"
297;0.0;0.0;30.1;80.6;3.4;254;"2025-04-21 18:39:40"
298;0.0;0.0;30.1;80.4;4.1;254;"2025-04-21 18:39:50"
299;1025.0;393.0;30.1;80.3;12.0;255;"2025-04-21 18:40:00"
300;148.0;74.0;30.1;80.7;3.5;256;"2025-04-21 18:40:10"
301;5926.0;477909.0;30.1;80.8;5.4;256;"2025-04-21 18:40:21"
302;2501.0;380.0;30.1;80.8;4.6;255;"2025-04-21 18:40:31"
303;3101.0;6241.0;30.1;80.5;5.2;255;"2025-04-21 18:40:41"
304;8058.0;415734.0;30.1;80.6;4.9;255;"2025-04-21 18:40:51"
305;0.0;0.0;30.1;80.4;9.1;255;"2025-04-21 18:41:01"
306;0.0;0.0;30.1;80.4;4.3;255;"2025-04-21 18:41:11"
307;0.0;0.0;30.1;80.4;4.5;255;"2025-04-21 18:41:21"
308;0.0;0.0;30.1;80.4;21.3;254;"2025-04-21 18:41:31"
309;0.0;0.0;30.1;80.4;7.4;254;"2025-04-21 18:41:41"
310;54.0;0.0;30.1;80.4;3.7;254;"2025-04-21 18:41:51"
311;0.0;0.0;30.1;80.0;3.5;254;"2025-04-21 18:42:01"
312;0.0;0.0;30.1;80.1;4.3;254;"2025-04-21 18:42:11"
313;82.0;138.0;30.1;80.2;10.0;254;"2025-04-21 18:42:22"
314;8511.0;42358.0;30.1;80.1;31.0;254;"2025-04-21 18:42:32"
315;12318.0;898579.0;30.1;80.6;9.6;254;"2025-04-21 18:42:43"
316;0.0;0.0;30.1;80.9;5.4;254;"2025-04-21 18:42:53"
317;0.0;0.0;30.1;80.1;3.9;254;"2025-04-21 18:43:03"
318;0.0;0.0;30.1;80.1;2.9;254;"2025-04-21 18:43:14"
319;0.0;0.0;30.1;80.2;6.7;254;"2025-04-21 18:43:24"
320;0.0;0.0;30.1;80.4;3.5;253;"2025-04-21 18:43:34"
321;101.0;279.0;30.1;80.2;5.8;253;"2025-04-21 18:43:44"
322;0.0;0.0;30.1;80.2;4.9;253;"2025-04-21 18:43:55"
323;5417.0;273567.0;30.1;80.0;4.0;253;"2025-04-21 18:44:05"
324;54.0;315.0;30.1;80.1;3.0;253;"2025-04-21 18:44:15"
325;148.0;226.0;30.1;80.1;3.4;253;"2025-04-21 18:44:25"
326;54.0;0.0;30.1;80.2;2.3;253;"2025-04-21 18:44:35"
327;0.0;0.0;30.1;80.1;2.5;253;"2025-04-21 18:44:45"
328;0.0;0.0;30.1;80.2;3.4;253;"2025-04-21 18:44:56"
329;0.0;0.0;30.1;80.2;5.3;253;"2025-04-21 18:45:06"
330;0.0;0.0;30.1;80.2;4.0;253;"2025-04-21 18:45:16"
331;0.0;0.0;30.1;80.1;3.6;253;"2025-04-21 18:45:26"
332;7159.0;7282.0;30.1;80.2;3.8;253;"2025-04-21 18:45:36"
333;86.0;86.0;30.1;80.2;5.2;253;"2025-04-21 18:45:46"
334;0.0;0.0;30.1;80.2;3.5;253;"2025-04-21 18:45:57"
335;347.0;315.0;30.1;80.4;5.0;253;"2025-04-21 18:46:07"
336;0.0;0.0;30.1;80.4;7.8;253;"2025-04-21 18:46:17"
337;15255.0;862092.0;30.1;80.4;2.9;253;"2025-04-21 18:46:27"
338;0.0;0.0;30.1;80.4;3.6;253;"2025-04-21 18:46:37"
339;8627.0;885102.0;30.1;80.4;4.0;253;"2025-04-21 18:46:47"
340;0.0;0.0;30.1;79.9;2.5;253;"2025-04-21 18:46:57"
341;0.0;0.0;30.1;79.9;6.0;253;"2025-04-21 18:47:07"
342;0.0;0.0;30.1;79.9;3.4;253;"2025-04-21 18:47:16"
343;347.0;315.0;30.1;79.9;5.6;253;"2025-04-21 18:47:27"
344;0.0;0.0;30.1;80.4;7.2;253;"2025-04-21 18:47:37"
345;0.0;0.0;30.1;80.6;3.4;253;"2025-04-21 18:47:47"
346;0.0;0.0;30.1;80.5;3.0;252;"2025-04-21 18:47:57"
347;86.0;86.0;30.1;80.5;3.1;252;"2025-04-21 18:48:07"
348;0.0;0.0;30.1;80.4;14.7;252;"2025-04-21 18:48:17"
349;0.0;0.0;30.1;81.2;3.9;252;"2025-04-21 18:48:27"
350;0.0;0.0;30.1;80.8;4.9;252;"2025-04-21 18:48:37"
351;9831.0;511549.0;30.1;80.7;6.0;252;"2025-04-21 18:48:47"
352;108.0;791.0;30.1;80.6;3.7;252;"2025-04-21 18:48:57"
353;2687.0;1743.0;30.1;80.7;3.9;252;"2025-04-21 18:49:07"
354;108.0;291.0;30.1;80.7;4.9;252;"2025-04-21 18:49:17"
355;0.0;0.0;30.1;80.7;8.0;252;"2025-04-21 18:49:27"
356;4916.0;5297.0;30.1;80.6;3.3;252;"2025-04-21 18:49:37"
357;0.0;0.0;30.1;80.6;3.8;252;"2025-04-21 18:49:47"
358;1589.0;1757.0;30.1;80.7;7.0;252;"2025-04-21 18:49:57"
359;1306.0;1270.0;30.1;81.0;6.6;253;"2025-04-21 18:50:07"
360;0.0;0.0;30.1;81.1;4.0;253;"2025-04-21 18:50:17"
361;6397.0;60.0;30.1;81.3;3.4;252;"2025-04-21 18:50:27"
362;1765.0;970.0;30.1;81.2;3.4;252;"2025-04-21 18:50:37"
363;0.0;0.0;30.1;81.2;3.8;252;"2025-04-21 18:50:47"
364;366.0;338.0;30.1;81.2;3.4;252;"2025-04-21 18:50:57"
365;1104.0;590.0;30.1;81.2;5.0;252;"2025-04-21 18:51:07"
366;0.0;0.0;30.1;81.2;4.3;252;"2025-04-21 18:51:17"
367;0.0;0.0;30.1;81.2;5.2;252;"2025-04-21 18:51:27"
368;0.0;0.0;30.1;81.2;5.3;252;"2025-04-21 18:51:37"
369;0.0;0.0;30.1;81.2;4.4;252;"2025-04-21 18:51:47"
370;6898.0;486049.0;30.1;81.1;4.4;252;"2025-04-21 18:51:57"
371;0.0;0.0;30.1;81.1;10.7;252;"2025-04-21 18:52:07"
372;9317.0;734518.0;30.1;81.2;5.2;252;"2025-04-21 18:52:17"
373;0.0;0.0;30.1;81.3;2.8;252;"2025-04-21 18:52:27"
374;1104.0;590.0;30.1;81.3;3.2;252;"2025-04-21 18:52:37"
375;6616.0;474783.0;30.1;81.4;8.5;254;"2025-04-21 18:52:48"
376;20122.0;426550.0;30.1;82.4;7.7;256;"2025-04-21 18:52:58"
377;1764.0;948.0;30.1;82.4;5.7;256;"2025-04-21 18:53:08"
378;0.0;5325.0;30.1;81.9;3.5;256;"2025-04-21 18:53:18"
379;0.0;0.0;30.1;81.9;3.2;256;"2025-04-21 18:53:28"
380;404.0;90.0;30.1;80.9;3.7;255;"2025-04-21 18:53:38"
381;86.0;86.0;30.1;81.0;3.2;254;"2025-04-21 18:53:49"
382;0.0;0.0;30.1;81.0;4.8;254;"2025-04-21 18:53:59"
383;90.0;90.0;30.1;80.9;6.6;254;"2025-04-21 18:54:09"
384;0.0;0.0;30.1;80.9;4.0;257;"2025-04-21 18:54:19"
385;0.0;0.0;30.1;81.1;3.5;257;"2025-04-21 18:54:30"
386;383.0;0.0;30.1;81.6;11.5;257;"2025-04-21 18:54:40"
387;0.0;0.0;30.1;79.4;3.5;256;"2025-04-21 18:54:50"
388;200.0;0.0;30.1;79.4;6.1;256;"2025-04-21 18:55:01"
389;381.0;653.0;30.1;79.4;8.2;256;"2025-04-21 18:55:11"
390;0.0;0.0;30.1;78.4;4.3;256;"2025-04-21 18:55:21"
391;0.0;0.0;30.1;78.5;2.1;256;"2025-04-21 18:55:32"
392;0.0;0.0;30.1;78.5;14.2;256;"2025-04-21 18:55:42"
393;0.0;0.0;30.1;78.5;3.7;256;"2025-04-21 18:55:52"
394;9132.0;498005.0;30.1;78.6;2.2;254;"2025-04-21 18:56:02"
395;8559.0;473563.0;30.1;78.4;4.3;254;"2025-04-21 18:56:12"
396;193.0;0.0;30.1;78.5;3.0;254;"2025-04-21 18:56:22"
397;0.0;0.0;30.1;78.5;4.4;254;"2025-04-21 18:56:32"
398;86.0;86.0;30.1;78.6;3.8;254;"2025-04-21 18:56:43"
399;0.0;0.0;30.1;78.6;2.9;254;"2025-04-21 18:56:53"
400;220.0;0.0;30.1;78.6;3.0;254;"2025-04-21 18:57:03"
401;42.0;60.0;30.1;78.6;5.8;254;"2025-04-21 18:57:13"
402;86.0;78.0;30.1;78.6;5.1;254;"2025-04-21 18:57:23"
403;0.0;0.0;30.1;78.6;3.0;254;"2025-04-21 18:57:33"
404;42.0;60.0;30.1;78.6;10.8;254;"2025-04-21 18:57:43"
405;0.0;0.0;30.1;78.6;5.4;253;"2025-04-21 18:57:53"
406;0.0;0.0;30.1;78.8;3.6;253;"2025-04-21 18:58:04"
407;42.0;60.0;30.1;78.7;3.0;253;"2025-04-21 18:58:14"
408;0.0;0.0;30.1;78.8;3.2;253;"2025-04-21 18:58:24"
409;0.0;0.0;30.1;78.8;2.7;253;"2025-04-21 18:58:34"
410;9664.0;583018.0;30.1;78.9;3.7;253;"2025-04-21 18:58:44"
411;0.0;0.0;30.1;79.0;8.0;253;"2025-04-21 18:58:54"
412;19081.0;1383517.0;30.1;78.9;4.7;256;"2025-04-21 18:59:04"
413;196.0;86.0;30.1;79.1;2.9;255;"2025-04-21 18:59:14"
414;12944.0;613165.0;30.1;79.1;2.9;255;"2025-04-21 18:59:24"
415;0.0;0.0;30.1;79.1;6.0;255;"2025-04-21 18:59:35"
416;0.0;0.0;30.1;79.1;3.4;255;"2025-04-21 18:59:45"
417;7197.0;435877.0;30.1;79.1;7.9;255;"2025-04-21 18:59:55"
418;86.0;78.0;30.1;79.1;4.3;254;"2025-04-21 19:00:05"
419;54.0;316.0;30.1;78.6;1.8;254;"2025-04-21 19:00:15"
420;0.0;0.0;30.1;78.4;1.2;254;"2025-04-21 19:00:25"
421;0.0;0.0;30.1;78.1;5.3;253;"2025-04-21 19:00:35"
422;3210.0;664.0;30.1;78.2;1.3;253;"2025-04-21 19:00:45"
423;0.0;0.0;30.1;78.2;1.8;253;"2025-04-21 19:00:55"
424;0.0;0.0;30.1;78.2;2.2;253;"2025-04-21 19:01:05"
425;0.0;0.0;30.1;78.1;2.1;253;"2025-04-21 19:01:15"
426;0.0;0.0;30.1;78.2;5.7;253;"2025-04-21 19:01:25"
427;54.0;316.0;30.1;78.2;1.7;253;"2025-04-21 19:01:35"
428;0.0;0.0;30.1;78.2;3.9;253;"2025-04-21 19:01:45"
429;0.0;0.0;30.1;78.2;2.5;253;"2025-04-21 19:01:55"
430;0.0;0.0;30.1;77.6;2.9;253;"2025-04-21 19:02:05"
431;0.0;0.0;30.1;77.6;1.4;253;"2025-04-21 19:02:15"
432;54.0;100.0;30.1;77.6;6.5;253;"2025-04-21 19:02:25"
433;0.0;0.0;30.1;77.8;10.9;253;"2025-04-21 19:02:35"
434;0.0;0.0;30.1;77.6;0.9;253;"2025-04-21 19:02:44"
435;348.0;315.0;30.1;77.6;3.5;252;"2025-04-21 19:02:55"
436;834.0;0.0;30.1;77.6;5.7;252;"2025-04-21 19:03:05"
437;1133.0;969.0;30.1;78.2;2.2;252;"2025-04-21 19:03:15"
438;895.0;0.0;30.1;78.2;3.8;252;"2025-04-21 19:03:25"
439;86.0;78.0;30.1;78.3;1.8;252;"2025-04-21 19:03:35"
440;0.0;0.0;30.1;78.2;4.8;252;"2025-04-21 19:03:45"
441;0.0;0.0;30.1;78.3;1.6;252;"2025-04-21 19:03:54"
442;16776.0;1303323.0;30.1;78.4;1.7;252;"2025-04-21 19:04:04"
443;16625.0;1218751.0;30.1;78.4;2.2;252;"2025-04-21 19:04:14"
444;0.0;0.0;30.1;78.5;1.2;252;"2025-04-21 19:04:24"
445;0.0;0.0;30.1;78.5;4.7;252;"2025-04-21 19:04:34"
446;42.0;227.0;30.1;78.5;0.9;252;"2025-04-21 19:04:44"
447;0.0;0.0;30.1;78.5;2.2;252;"2025-04-21 19:04:54"
448;0.0;0.0;30.1;78.5;1.4;252;"2025-04-21 19:05:04"
449;42.0;60.0;30.1;78.5;2.7;252;"2025-04-21 19:05:14"
450;54.0;0.0;30.1;78.5;7.5;252;"2025-04-21 19:05:23"
451;0.0;0.0;30.1;78.5;13.0;252;"2025-04-21 19:05:33"
452;0.0;167.0;30.1;78.5;3.1;252;"2025-04-21 19:05:43"
453;0.0;0.0;30.1;78.6;4.2;252;"2025-04-21 19:05:53"
454;0.0;0.0;30.1;78.5;2.2;252;"2025-04-21 19:06:03"
455;11005.0;6914.0;30.1;78.7;8.9;254;"2025-04-21 19:06:13"
456;54.0;375.0;30.1;78.8;1.4;254;"2025-04-21 19:06:23"
457;0.0;0.0;30.1;78.8;3.0;254;"2025-04-21 19:06:33"
458;0.0;0.0;30.1;78.8;8.8;254;"2025-04-21 19:06:43"
459;0.0;0.0;30.1;78.8;1.6;254;"2025-04-21 19:06:53"
460;1884.0;394.0;30.1;78.3;1.6;254;"2025-04-21 19:07:03"
461;11934.0;42448.0;30.1;78.5;8.6;252;"2025-04-21 19:07:13"
462;1054.0;393.0;30.1;78.4;5.1;252;"2025-04-21 19:07:23"
463;90.0;0.0;30.1;78.4;1.4;252;"2025-04-21 19:07:33"
464;54.0;0.0;30.1;78.4;1.6;252;"2025-04-21 19:07:43"
465;0.0;0.0;30.1;78.5;9.6;258;"2025-04-21 19:07:53"
466;0.0;0.0;30.1;78.8;3.0;256;"2025-04-21 19:08:03"
467;0.0;0.0;30.1;78.8;2.3;256;"2025-04-21 19:08:14"
468;0.0;0.0;30.1;78.8;1.2;256;"2025-04-21 19:08:24"
469;0.0;0.0;30.1;78.8;2.2;256;"2025-04-21 19:08:34"
470;0.0;0.0;30.1;78.8;5.4;256;"2025-04-21 19:08:44"
471;0.0;0.0;30.1;78.8;2.5;255;"2025-04-21 19:08:54"
472;0.0;0.0;30.1;78.7;2.2;255;"2025-04-21 19:09:04"
473;7210.0;7350.0;30.1;78.7;2.9;255;"2025-04-21 19:09:14"
474;0.0;0.0;30.1;78.7;7.3;254;"2025-04-21 19:09:24"
475;22197.0;740985.0;30.1;78.7;4.4;254;"2025-04-21 19:09:35"
476;182.0;284.0;30.1;79.0;10.0;254;"2025-04-21 19:09:45"
477;0.0;0.0;30.1;77.2;2.5;254;"2025-04-21 19:09:55"
478;3804.0;501709.0;30.1;77.2;7.0;255;"2025-04-21 19:10:04"
479;42.0;60.0;30.1;77.4;7.2;255;"2025-04-21 19:10:14"
480;0.0;0.0;30.1;77.5;1.8;255;"2025-04-21 19:10:24"
481;4248.0;0.0;30.1;77.4;5.2;254;"2025-04-21 19:10:34"
482;42.0;60.0;30.1;77.4;2.0;254;"2025-04-21 19:10:44"
483;347.0;316.0;30.1;77.4;1.8;254;"2025-04-21 19:10:54"
484;86.0;86.0;30.1;77.4;2.0;253;"2025-04-21 19:11:04"
485;0.0;0.0;30.1;77.6;4.7;257;"2025-04-21 19:11:14"
486;1753.0;4370.0;30.1;77.8;3.0;256;"2025-04-21 19:11:24"
487;0.0;0.0;30.1;77.7;1.3;256;"2025-04-21 19:11:34"
488;42.0;60.0;30.1;77.7;4.8;255;"2025-04-21 19:11:44"
489;0.0;0.0;30.1;77.7;6.5;255;"2025-04-21 19:11:54"
490;0.0;0.0;30.1;77.7;1.4;255;"2025-04-21 19:12:04"
491;389.0;375.0;30.1;77.7;2.2;255;"2025-04-21 19:12:15"
492;54.0;100.0;30.1;77.6;1.7;255;"2025-04-21 19:12:25"
493;6433.0;18402.0;30.1;77.7;4.4;255;"2025-04-21 19:12:35"
494;42.0;60.0;30.1;77.7;1.2;255;"2025-04-21 19:12:45"
495;0.0;0.0;30.1;77.7;1.0;255;"2025-04-21 19:12:55"
496;86.0;86.0;30.1;77.7;3.0;255;"2025-04-21 19:13:05"
497;42.0;60.0;30.1;77.8;1.9;255;"2025-04-21 19:13:15"
498;0.0;0.0;30.1;77.8;1.3;255;"2025-04-21 19:13:25"
499;348.0;316.0;30.1;77.8;1.6;255;"2025-04-21 19:13:35"
500;42.0;60.0;30.1;77.8;3.0;255;"2025-04-21 19:13:45"
501;5309.0;219909.0;30.1;77.7;2.0;255;"2025-04-21 19:13:55"
502;10054.0;584862.0;30.1;77.7;2.7;255;"2025-04-21 19:14:05"
503;42.0;60.0;30.1;77.8;2.2;255;"2025-04-21 19:14:15"
504;108.0;60.0;30.1;77.8;1.4;255;"2025-04-21 19:14:25"
505;0.0;0.0;30.1;77.9;7.8;255;"2025-04-21 19:14:35"
506;42.0;60.0;30.1;77.9;1.8;255;"2025-04-21 19:14:45"
507;0.0;0.0;30.1;77.9;3.4;255;"2025-04-21 19:14:55"
508;2754.0;236385.0;30.1;77.9;2.1;255;"2025-04-21 19:15:05"
509;42.0;60.0;30.1;78.0;11.1;255;"2025-04-21 19:15:15"
510;0.0;0.0;30.1;78.0;0.8;255;"2025-04-21 19:15:25"
511;0.0;0.0;30.1;78.0;0.8;254;"2025-04-21 19:15:35"
512;42.0;120.0;30.1;78.0;0.8;254;"2025-04-21 19:15:45"
513;0.0;0.0;30.1;78.0;1.7;254;"2025-04-21 19:15:55"
514;0.0;0.0;30.1;78.0;2.2;254;"2025-04-21 19:16:05"
515;42.0;60.0;30.1;78.0;1.0;253;"2025-04-21 19:16:15"
516;0.0;0.0;30.1;78.0;2.8;253;"2025-04-21 19:16:25"
517;0.0;0.0;30.1;78.0;3.0;257;"2025-04-21 19:16:36"
518;13746.0;41465.0;30.1;80.3;34.4;257;"2025-04-21 19:16:46"
519;0.0;0.0;30.1;80.4;3.7;257;"2025-04-21 19:16:56"
520;0.0;0.0;30.1;80.1;7.9;255;"2025-04-21 19:17:06"
521;0.0;0.0;30.1;79.9;9.6;254;"2025-04-21 19:17:16"
522;0.0;0.0;30.1;79.4;4.0;254;"2025-04-21 19:17:26"
523;1012.0;393.0;30.1;79.4;4.1;254;"2025-04-21 19:17:36"
524;6293.0;437432.0;30.1;79.3;3.4;254;"2025-04-21 19:17:46"
525;54.0;0.0;30.1;79.2;3.1;253;"2025-04-21 19:17:56"
526;347.0;315.0;30.1;79.2;8.3;253;"2025-04-21 19:18:06"
527;13624.0;491664.0;30.1;79.3;2.7;253;"2025-04-21 19:18:16"
528;0.0;0.0;30.1;79.3;6.5;253;"2025-04-21 19:18:26"
529;0.0;0.0;30.1;79.4;3.4;253;"2025-04-21 19:18:36"
530;0.0;0.0;30.1;79.4;3.8;253;"2025-04-21 19:18:46"
531;7402.0;6307.0;30.1;79.4;6.2;253;"2025-04-21 19:18:56"
532;0.0;0.0;30.1;79.3;8.1;253;"2025-04-21 19:19:06"
533;0.0;0.0;30.1;79.4;3.1;253;"2025-04-21 19:19:16"
534;0.0;0.0;30.1;79.4;3.8;253;"2025-04-21 19:19:26"
535;0.0;0.0;30.1;79.4;2.8;253;"2025-04-21 19:19:36"
536;0.0;0.0;30.1;79.4;5.3;253;"2025-04-21 19:19:45"
537;54.0;60.0;30.1;79.5;2.7;253;"2025-04-21 19:19:55"
538;6703.0;53695.0;30.1;79.9;10.3;254;"2025-04-21 19:20:05"
539;0.0;0.0;30.1;79.7;6.2;254;"2025-04-21 19:20:15"
540;5136.0;0.0;30.1;79.6;4.7;254;"2025-04-21 19:20:25"
541;0.0;0.0;30.1;79.5;5.0;253;"2025-04-21 19:20:35"
542;42.0;60.0;30.1;79.5;3.5;253;"2025-04-21 19:20:45"
543;0.0;0.0;30.1;79.6;4.3;253;"2025-04-21 19:20:55"
544;0.0;0.0;30.1;79.6;8.6;253;"2025-04-21 19:21:05"
545;128.0;146.0;30.1;79.7;7.1;253;"2025-04-21 19:21:15"
546;0.0;0.0;30.1;79.7;4.0;253;"2025-04-21 19:21:25"
547;347.0;376.0;30.1;79.7;3.4;252;"2025-04-21 19:21:35"
548;42.0;60.0;30.1;79.6;4.4;252;"2025-04-21 19:21:44"
549;172.0;164.0;30.1;79.6;4.4;252;"2025-04-21 19:21:54"
550;0.0;0.0;30.1;79.0;6.9;251;"2025-04-21 19:22:04"
551;0.0;0.0;30.1;79.1;5.5;251;"2025-04-21 19:22:14"
552;296.0;120.0;30.1;79.0;4.7;251;"2025-04-21 19:22:24"
553;86.0;78.0;30.1;79.0;2.6;251;"2025-04-21 19:22:34"
554;0.0;0.0;30.1;79.0;3.0;251;"2025-04-21 19:22:43"
555;0.0;0.0;30.1;79.0;7.4;253;"2025-04-21 19:22:53"
556;2045.0;56827.0;30.1;79.1;3.3;254;"2025-04-21 19:23:03"
557;0.0;0.0;30.1;79.1;6.8;254;"2025-04-21 19:23:13"
558;21549.0;500841.0;30.1;79.1;4.7;254;"2025-04-21 19:23:23"
559;1036.0;393.0;30.1;79.2;6.3;254;"2025-04-21 19:23:33"
560;1305.0;479.0;30.1;79.3;4.7;253;"2025-04-21 19:23:43"
561;1073.0;403.0;30.1;79.9;4.0;252;"2025-04-21 19:23:54"
562;0.0;0.0;30.1;80.2;12.9;252;"2025-04-21 19:24:04"
563;34204.0;3650339.0;30.1;81.4;22.8;252;"2025-04-21 19:24:14"
564;52939.0;5695194.0;30.1;81.1;7.6;252;"2025-04-21 19:24:24"
565;0.0;0.0;30.1;81.1;6.2;252;"2025-04-21 19:24:34"
566;3123.0;253875.0;30.1;81.2;2.9;252;"2025-04-21 19:24:44"
567;0.0;0.0;30.1;81.2;4.7;252;"2025-04-21 19:24:54"
568;0.0;0.0;30.1;80.8;3.1;254;"2025-04-21 19:25:04"
569;0.0;0.0;30.1;81.0;2.5;254;"2025-04-21 19:25:14"
570;0.0;86.0;30.1;81.0;2.1;254;"2025-04-21 19:25:24"
571;0.0;0.0;30.1;81.0;2.9;254;"2025-04-21 19:25:33"
572;0.0;0.0;30.1;81.1;2.1;254;"2025-04-21 19:25:43"
573;0.0;0.0;30.1;81.1;3.1;254;"2025-04-21 19:25:53"
574;1122.0;387.0;30.1;81.1;8.7;252;"2025-04-21 19:26:04"
575;86.0;86.0;30.1;80.7;6.4;252;"2025-04-21 19:26:14"
576;0.0;0.0;30.1;80.8;6.1;252;"2025-04-21 19:26:24"
577;0.0;74.0;30.1;81.2;7.8;252;"2025-04-21 19:26:34"
578;0.0;0.0;30.1;81.3;3.1;252;"2025-04-21 19:26:44"
579;0.0;0.0;30.1;81.3;2.2;252;"2025-04-21 19:26:54"
580;0.0;0.0;30.1;81.1;3.3;252;"2025-04-21 19:27:03"
581;0.0;0.0;30.1;81.1;3.7;252;"2025-04-21 19:27:13"
582;0.0;0.0;30.1;81.1;3.4;252;"2025-04-21 19:27:23"
583;0.0;0.0;30.1;81.3;3.9;252;"2025-04-21 19:27:33"
584;54.0;320.0;30.1;81.1;3.5;252;"2025-04-21 19:27:43"
585;0.0;0.0;30.1;81.1;6.1;252;"2025-04-21 19:27:53"
586;5032.0;65563.0;30.1;81.1;3.7;253;"2025-04-21 19:28:03"
587;0.0;0.0;30.1;81.2;3.9;253;"2025-04-21 19:28:13"
588;0.0;0.0;30.1;81.2;2.9;253;"2025-04-21 19:28:22"
589;0.0;0.0;30.1;81.1;4.7;252;"2025-04-21 19:28:32"
590;86.0;86.0;30.1;81.1;2.7;252;"2025-04-21 19:28:42"
591;0.0;0.0;30.1;81.1;3.5;252;"2025-04-21 19:28:52"
592;293.0;0.0;30.1;81.0;3.1;252;"2025-04-21 19:29:02"
593;86.0;86.0;30.1;81.2;8.2;258;"2025-04-21 19:29:12"
594;5519.0;782.0;30.1;81.5;5.2;252;"2025-04-21 19:29:22"
595;1036.0;391.0;30.1;81.2;9.4;252;"2025-04-21 19:29:32"
596;1035.0;391.0;30.1;81.3;3.3;252;"2025-04-21 19:29:42"
597;0.0;0.0;30.1;80.8;2.2;252;"2025-04-21 19:29:51"
598;9114.0;582280.0;30.1;80.8;2.5;252;"2025-04-21 19:30:01"
599;9957.0;632741.0;30.1;80.9;6.5;253;"2025-04-21 19:30:11"
600;82.0;78.0;30.1;81.0;3.5;253;"2025-04-21 19:30:21"
601;15394.0;1086416.0;30.1;81.0;6.7;252;"2025-04-21 19:30:31"
602;0.0;0.0;30.1;81.0;6.6;252;"2025-04-21 19:30:41"
603;0.0;0.0;30.1;81.0;3.0;252;"2025-04-21 19:30:50"
604;0.0;0.0;30.1;81.0;3.9;252;"2025-04-21 19:31:00"
605;517.0;317.0;30.1;80.8;2.3;252;"2025-04-21 19:31:10"
606;0.0;0.0;30.1;80.9;4.8;252;"2025-04-21 19:31:20"
607;6873.0;6510.0;30.1;80.8;3.0;252;"2025-04-21 19:31:30"
608;1418.0;590.0;30.1;80.9;4.0;252;"2025-04-21 19:31:39"
609;0.0;0.0;30.1;80.9;3.0;252;"2025-04-21 19:31:49"
610;0.0;0.0;30.1;80.9;4.0;252;"2025-04-21 19:31:59"
611;1104.0;590.0;30.1;80.2;3.3;252;"2025-04-21 19:32:09"
612;1548.0;1882.0;30.1;80.2;3.5;252;"2025-04-21 19:32:19"
613;0.0;0.0;30.1;80.2;3.4;252;"2025-04-21 19:32:28"
614;0.0;0.0;30.1;80.2;4.5;252;"2025-04-21 19:32:38"
615;0.0;0.0;30.1;80.2;3.0;252;"2025-04-21 19:32:48"
616;0.0;0.0;30.1;80.5;3.0;253;"2025-04-21 19:32:58"
617;0.0;0.0;30.1;80.4;2.6;253;"2025-04-21 19:33:08"
618;0.0;0.0;30.1;80.5;4.4;253;"2025-04-21 19:33:18"
619;0.0;0.0;30.1;80.4;1.8;253;"2025-04-21 19:33:28"
620;0.0;0.0;30.1;80.5;5.7;253;"2025-04-21 19:33:37"
621;0.0;0.0;30.1;80.5;3.1;253;"2025-04-21 19:33:47"
622;0.0;0.0;30.1;78.3;2.5;251;"2025-04-21 19:33:57"
623;0.0;0.0;30.1;78.2;1.8;251;"2025-04-21 19:34:07"
624;0.0;0.0;30.1;78.2;2.1;251;"2025-04-21 19:34:17"
625;1032.0;393.0;30.1;78.2;15.1;253;"2025-04-21 19:34:27"
626;12632.0;1105102.0;30.1;79.0;2.5;253;"2025-04-21 19:34:37"
627;1039.0;305.0;30.1;79.0;4.4;253;"2025-04-21 19:34:47"
628;0.0;0.0;30.1;79.0;3.5;251;"2025-04-21 19:34:56"
629;0.0;0.0;30.1;79.0;3.5;251;"2025-04-21 19:35:06"
630;0.0;0.0;30.1;79.1;3.0;251;"2025-04-21 19:35:16"
631;293.0;375.0;30.1;79.1;2.7;251;"2025-04-21 19:35:26"
632;0.0;0.0;30.1;79.1;4.8;251;"2025-04-21 19:35:36"
633;0.0;0.0;30.1;79.1;2.7;251;"2025-04-21 19:35:46"
634;0.0;0.0;30.1;79.1;3.0;251;"2025-04-21 19:35:56"
635;0.0;0.0;30.1;79.1;4.0;251;"2025-04-21 19:36:05"
636;42.0;60.0;30.1;79.1;5.2;251;"2025-04-21 19:36:15"
637;0.0;0.0;30.1;79.1;2.3;251;"2025-04-21 19:36:25"
638;2248.0;8269.0;30.1;79.2;7.0;251;"2025-04-21 19:36:35"
639;42.0;60.0;30.1;79.3;3.6;251;"2025-04-21 19:36:45"
640;0.0;0.0;30.1;79.3;5.8;251;"2025-04-21 19:36:55"
641;0.0;0.0;30.1;78.9;4.4;251;"2025-04-21 19:37:05"
642;0.0;0.0;30.1;79.0;3.5;251;"2025-04-21 19:37:15"
643;0.0;0.0;30.1;78.9;3.9;251;"2025-04-21 19:37:24"
644;347.0;316.0;30.1;78.9;5.5;252;"2025-04-21 19:37:34"
645;0.0;0.0;30.1;79.1;7.1;252;"2025-04-21 19:37:44"
646;12557.0;22921.0;30.1;79.1;10.0;254;"2025-04-21 19:37:54"
647;1464.0;5946.0;30.1;79.5;4.7;256;"2025-04-21 19:38:04"
648;0.0;0.0;30.1;79.6;5.1;256;"2025-04-21 19:38:15"
649;86.0;86.0;30.1;80.6;7.0;256;"2025-04-21 19:38:25"
650;0.0;0.0;30.1;80.2;4.1;256;"2025-04-21 19:38:35"
651;10162.0;670878.0;30.1;80.2;10.3;256;"2025-04-21 19:38:45"
652;15229.0;745895.0;30.1;80.1;10.5;255;"2025-04-21 19:38:55"
653;11526.0;886370.0;30.1;80.8;13.5;254;"2025-04-21 19:39:05"
654;0.0;0.0;30.1;81.1;4.8;254;"2025-04-21 19:39:15"
655;17752.0;972845.0;30.1;80.9;4.6;253;"2025-04-21 19:39:25"
656;0.0;0.0;30.1;81.0;4.6;253;"2025-04-21 19:39:35"
657;0.0;0.0;30.1;81.0;3.6;253;"2025-04-21 19:39:45"
658;0.0;0.0;30.1;81.0;4.3;253;"2025-04-21 19:39:55"
659;0.0;0.0;30.1;81.0;9.5;255;"2025-04-21 19:40:05"
660;86.0;86.0;30.1;81.2;11.6;255;"2025-04-21 19:40:15"
661;0.0;0.0;30.1;81.1;4.0;255;"2025-04-21 19:40:25"
662;106.0;122.0;30.1;81.0;6.0;254;"2025-04-21 19:40:35"
663;54.0;60.0;30.1;81.0;6.1;254;"2025-04-21 19:40:45"
664;6641.0;612852.0;30.1;81.1;10.1;254;"2025-04-21 19:40:56"
665;0.0;0.0;30.1;81.1;8.8;253;"2025-04-21 19:41:06"
666;0.0;0.0;30.1;80.3;4.8;253;"2025-04-21 19:41:16"
667;0.0;0.0;30.1;80.3;4.4;253;"2025-04-21 19:41:26"
668;2194.0;8209.0;30.1;80.5;4.2;253;"2025-04-21 19:41:36"
669;0.0;0.0;30.1;80.5;5.6;253;"2025-04-21 19:41:46"
670;0.0;0.0;30.1;80.5;4.4;253;"2025-04-21 19:41:56"
671;0.0;0.0;30.1;80.4;6.1;253;"2025-04-21 19:42:06"
672;0.0;0.0;30.1;80.7;8.3;253;"2025-04-21 19:42:16"
673;0.0;0.0;30.1;80.7;4.1;253;"2025-04-21 19:42:25"
674;0.0;0.0;30.1;80.6;5.6;253;"2025-04-21 19:42:35"
675;0.0;0.0;30.1;80.6;4.9;253;"2025-04-21 19:42:45"
676;0.0;0.0;30.1;80.6;4.4;253;"2025-04-21 19:42:55"
677;86.0;86.0;30.1;80.7;8.2;258;"2025-04-21 19:43:06"
678;56214.0;4311250.0;30.1;84.8;42.8;264;"2025-04-21 19:43:18"
679;54.0;137.0;30.1;87.2;14.9;264;"2025-04-21 19:43:28"
680;0.0;0.0;30.1;86.9;3.7;264;"2025-04-21 19:43:38"
681;129.0;189.0;30.1;85.5;5.3;262;"2025-04-21 19:43:48"
682;347.0;376.0;30.1;85.5;3.0;262;"2025-04-21 19:43:59"
683;0.0;0.0;30.1;85.4;4.2;262;"2025-04-21 19:44:09"
684;0.0;0.0;30.1;85.5;2.6;262;"2025-04-21 19:44:19"
685;0.0;0.0;30.1;85.4;3.0;262;"2025-04-21 19:44:29"
686;140.0;920.0;30.1;85.4;7.7;262;"2025-04-21 19:44:39"
687;0.0;0.0;30.1;85.4;4.5;262;"2025-04-21 19:44:49"
688;291.0;425.0;30.1;85.4;4.8;262;"2025-04-21 19:44:59"
689;4875.0;109624.0;30.1;85.2;3.8;262;"2025-04-21 19:45:10"
690;0.0;0.0;30.1;84.9;3.0;262;"2025-04-21 19:45:20"
691;54.0;103.0;30.1;84.9;2.1;262;"2025-04-21 19:45:30"
692;1248.0;590.0;30.1;85.0;1.9;262;"2025-04-21 19:45:40"
693;54.0;131.0;30.1;85.0;5.2;262;"2025-04-21 19:45:50"
694;3135.0;0.0;30.1;85.3;2.9;262;"2025-04-21 19:46:00"
695;1418.0;590.0;30.1;85.5;3.2;261;"2025-04-21 19:46:10"
696;3307.0;37423.0;30.1;85.4;15.1;261;"2025-04-21 19:46:20"
697;0.0;0.0;30.1;85.2;3.8;261;"2025-04-21 19:46:31"
698;368.0;107.0;30.1;85.0;5.3;261;"2025-04-21 19:46:41"
699;0.0;0.0;30.1;84.8;3.4;261;"2025-04-21 19:46:51"
700;305.0;153.0;30.1;84.8;3.1;260;"2025-04-21 19:47:01"
701;1497.0;906.0;30.1;84.8;2.7;260;"2025-04-21 19:47:10"
702;0.0;0.0;30.1;84.8;3.2;260;"2025-04-21 19:47:20"
703;0.0;0.0;30.1;84.8;1.4;260;"2025-04-21 19:47:30"
704;1130.0;590.0;30.1;84.7;5.1;260;"2025-04-21 19:47:40"
705;109.0;66.0;30.1;84.8;3.5;259;"2025-04-21 19:47:50"
706;0.0;0.0;30.1;84.8;3.1;259;"2025-04-21 19:48:00"
707;54.0;105.0;30.1;84.7;6.1;258;"2025-04-21 19:48:10"
708;91.0;347.0;30.1;84.7;8.5;258;"2025-04-21 19:48:20"
709;347.0;380.0;30.1;84.7;8.7;258;"2025-04-21 19:48:30"
710;18094.0;2545.0;30.1;84.8;16.1;258;"2025-04-21 19:48:41"
711;5102.0;1777.0;30.1;84.9;4.0;258;"2025-04-21 19:48:51"
712;1096.0;700.0;30.1;84.9;4.9;258;"2025-04-21 19:49:01"
713;17590.0;980283.0;30.1;84.9;3.7;258;"2025-04-21 19:49:11"
714;55.0;66.0;30.1;84.9;5.9;258;"2025-04-21 19:49:20"
715;0.0;0.0;30.1;84.9;22.1;257;"2025-04-21 19:49:30"
716;108.0;169.0;30.1;84.8;12.2;257;"2025-04-21 19:49:41"
717;10800.0;650279.0;30.1;85.5;3.2;257;"2025-04-21 19:49:51"
718;2106.0;1540.0;30.1;85.4;4.7;257;"2025-04-21 19:50:00"
719;2899.0;1064.0;30.1;85.3;11.1;258;"2025-04-21 19:50:11"
720;82.0;78.0;30.1;85.0;10.8;258;"2025-04-21 19:50:21"
721;2241.0;869.0;30.1;85.2;14.2;257;"2025-04-21 19:50:31"
722;0.0;0.0;30.1;85.1;9.3;257;"2025-04-21 19:50:41"
723;108.0;344.0;30.1;85.0;4.1;257;"2025-04-21 19:50:51"
724;108.0;337.0;30.1;85.1;5.4;257;"2025-04-21 19:51:01"
725;3007.0;1130.0;30.1;85.2;11.1;257;"2025-04-21 19:51:11"
726;18529.0;8823.0;30.1;85.1;17.4;258;"2025-04-21 19:51:22"
727;0.0;0.0;30.1;85.5;10.7;258;"2025-04-21 19:51:32"
728;401.0;455.0;30.1;86.8;10.1;258;"2025-04-21 19:51:42"
729;6893.0;577741.0;30.1;86.6;7.0;258;"2025-04-21 19:51:52"
730;129.0;190.0;30.1;86.7;4.3;258;"2025-04-21 19:52:02"
731;0.0;0.0;30.1;86.7;8.2;258;"2025-04-21 19:52:12"
732;54.0;170.0;30.1;86.8;7.6;258;"2025-04-21 19:52:23"
733;0.0;0.0;30.1;87.1;4.9;258;"2025-04-21 19:52:33"
734;247.0;3573.0;30.1;86.8;2.4;258;"2025-04-21 19:52:43"
735;0.0;0.0;30.1;86.5;4.8;261;"2025-04-21 19:52:53"
736;348.0;375.0;30.1;87.9;1.3;261;"2025-04-21 19:53:03"
737;0.0;0.0;30.1;87.7;2.5;261;"2025-04-21 19:53:13"
738;54.0;537.0;30.1;87.6;1.3;261;"2025-04-21 19:53:23"
739;0.0;0.0;30.1;87.6;7.1;260;"2025-04-21 19:53:33"
740;54.0;96.0;30.1;86.7;1.2;260;"2025-04-21 19:53:43"
741;54.0;163.0;30.1;86.5;3.8;259;"2025-04-21 19:53:53"
742;54.0;140.0;30.1;86.6;2.4;259;"2025-04-21 19:54:03"
743;263.0;855.0;30.1;86.5;4.8;259;"2025-04-21 19:54:13"
744;0.0;0.0;30.1;86.5;2.7;259;"2025-04-21 19:54:23"
745;0.0;0.0;30.1;86.1;5.6;259;"2025-04-21 19:54:33"
746;54.0;100.0;30.1;86.1;1.7;259;"2025-04-21 19:54:43"
747;0.0;0.0;30.1;86.1;1.2;259;"2025-04-21 19:54:53"
748;54.0;336.0;30.1;85.8;6.1;259;"2025-04-21 19:55:03"
749;0.0;0.0;30.1;85.9;2.1;259;"2025-04-21 19:55:13"
750;216.0;392.0;30.1;85.9;1.9;259;"2025-04-21 19:55:23"
751;54.0;238.0;30.1;85.9;2.0;259;"2025-04-21 19:55:33"
752;54.0;0.0;30.1;85.8;1.3;259;"2025-04-21 19:55:43"
753;0.0;972.0;30.1;85.8;3.0;259;"2025-04-21 19:55:53"
754;54.0;212.0;30.1;85.8;2.1;259;"2025-04-21 19:56:03"
755;54.0;166.0;30.1;85.8;8.5;259;"2025-04-21 19:56:13"
756;162.0;403.0;30.1;85.8;6.8;259;"2025-04-21 19:56:23"
757;144.0;331.0;30.1;85.9;10.0;262;"2025-04-21 19:56:33"
758;54.0;142.0;30.1;85.9;1.9;262;"2025-04-21 19:56:43"
759;0.0;0.0;30.1;85.9;1.2;262;"2025-04-21 19:56:53"
760;108.0;773.0;30.1;85.1;7.0;261;"2025-04-21 19:57:03"
761;54.0;131.0;30.1;84.4;2.1;261;"2025-04-21 19:57:13"
762;0.0;135.0;30.1;84.3;9.6;261;"2025-04-21 19:57:23"
763;1515.0;1617.0;30.1;84.4;1.7;259;"2025-04-21 19:57:33"
764;108.0;330.0;30.1;84.1;0.3;258;"2025-04-21 19:57:43"
765;54.0;2299.0;30.1;83.7;0.4;258;"2025-04-21 19:57:53"
766;54.0;160.0;30.1;83.9;2.7;258;"2025-04-21 19:58:03"
767;9462.0;5742.0;30.1;83.9;6.2;258;"2025-04-21 19:58:13"
768;431.0;624.0;30.1;83.8;2.0;258;"2025-04-21 19:58:23"
769;75.0;86.0;30.1;83.6;1.3;258;"2025-04-21 19:58:33"
770;108.0;379.0;30.1;83.6;1.3;258;"2025-04-21 19:58:43"
771;54.0;414.0;30.1;83.6;4.7;258;"2025-04-21 19:58:53"
772;0.0;0.0;30.1;83.6;0.5;258;"2025-04-21 19:59:03"
773;0.0;0.0;30.1;83.6;1.9;258;"2025-04-21 19:59:13"
774;0.0;0.0;30.1;83.6;8.3;258;"2025-04-21 19:59:23"
775;254.0;105.0;30.1;83.6;0.9;258;"2025-04-21 19:59:33"
776;347.0;315.0;30.1;83.7;1.4;258;"2025-04-21 19:59:42"
777;108.0;265.0;30.1;83.7;0.5;258;"2025-04-21 19:59:52"
778;0.0;0.0;30.1;83.7;0.4;260;"2025-04-21 20:00:02"
779;216.0;307.0;30.1;83.8;7.6;259;"2025-04-21 20:00:12"
780;0.0;0.0;30.1;83.9;0.8;259;"2025-04-21 20:00:22"
781;90.0;0.0;30.1;83.8;3.1;258;"2025-04-21 20:00:32"
782;0.0;290.0;30.1;83.8;1.3;258;"2025-04-21 20:00:42"
783;0.0;0.0;30.1;83.8;1.8;258;"2025-04-21 20:00:52"
784;347.0;320.0;30.1;83.8;0.4;258;"2025-04-21 20:01:02"
785;54.0;154.0;30.1;83.8;3.4;258;"2025-04-21 20:01:12"
786;0.0;0.0;30.1;83.8;1.6;258;"2025-04-21 20:01:22"
787;54.0;1919.0;30.1;83.8;0.9;258;"2025-04-21 20:01:32"
788;144.0;136.0;30.1;83.9;0.3;258;"2025-04-21 20:01:42"
789;54.0;221.0;30.1;83.8;0.5;258;"2025-04-21 20:01:52"
790;90.0;1736.0;30.1;83.9;1.0;258;"2025-04-21 20:02:02"
791;54.0;1016.0;30.1;83.7;3.0;258;"2025-04-21 20:02:12"
792;82.0;138.0;30.1;83.7;0.1;257;"2025-04-21 20:02:21"
793;198.0;635.0;30.1;83.5;3.2;257;"2025-04-21 20:02:31"
794;2346.0;243.0;30.1;83.8;0.9;257;"2025-04-21 20:02:41"
795;54.0;99.0;30.1;83.8;1.5;257;"2025-04-21 20:02:51"
796;198.0;2963.0;30.1;83.6;0.9;257;"2025-04-21 20:03:01"
797;347.0;316.0;30.1;83.6;3.1;257;"2025-04-21 20:03:11"
798;1288.0;4722.0;30.1;83.7;7.4;256;"2025-04-21 20:03:21"
799;83.0;1111.0;30.1;83.6;1.2;256;"2025-04-21 20:03:30"
800;566.0;870.0;30.1;83.9;4.3;258;"2025-04-21 20:03:40"
801;108.0;292.0;30.1;83.9;0.5;257;"2025-04-21 20:03:50"
802;144.0;1559.0;30.1;83.8;4.2;257;"2025-04-21 20:04:00"
803;1526.0;1119.0;30.1;83.9;0.7;256;"2025-04-21 20:04:10"
804;216.0;983.0;30.1;83.9;0.1;256;"2025-04-21 20:04:20"
805;0.0;0.0;30.1;83.8;5.0;256;"2025-04-21 20:04:30"
806;1244.0;1281.0;30.1;83.8;0.8;256;"2025-04-21 20:04:39"
807;54.0;175.0;30.1;83.8;2.4;256;"2025-04-21 20:04:49"
808;108.0;253.0;30.1;83.8;0.8;256;"2025-04-21 20:04:59"
809;108.0;305.0;30.1;83.8;4.3;256;"2025-04-21 20:05:09"
810;108.0;446.0;30.1;83.9;1.4;256;"2025-04-21 20:05:19"
811;54.0;444.0;30.1;83.9;0.5;256;"2025-04-21 20:05:29"
812;54.0;310.0;30.1;83.9;3.4;256;"2025-04-21 20:05:38"
813;234.0;10818.0;30.1;83.9;10.7;256;"2025-04-21 20:05:48"
814;0.0;0.0;30.1;83.9;1.0;256;"2025-04-21 20:05:58"
815;0.0;0.0;30.1;83.9;4.4;258;"2025-04-21 20:06:08"
816;0.0;10650.0;30.1;84.2;0.7;258;"2025-04-21 20:06:18"
817;0.0;290.0;30.1;84.2;11.6;260;"2025-04-21 20:06:28"
818;977.0;914.0;30.1;84.7;8.2;260;"2025-04-21 20:06:39"
819;2117.0;1134.0;30.1;86.4;15.1;262;"2025-04-21 20:06:50"
820;0.0;94.0;30.1;87.8;3.9;260;"2025-04-21 20:07:00"
821;1685.0;1180.0;30.1;86.1;3.0;260;"2025-04-21 20:07:10"
822;3150.0;1435.0;30.1;86.6;12.2;260;"2025-04-21 20:07:21"
823;957.0;1686.0;30.1;86.3;9.4;258;"2025-04-21 20:07:31"
824;22604.0;383560.0;30.1;87.3;19.2;258;"2025-04-21 20:07:42"
825;0.0;94.0;30.1;87.6;9.1;260;"2025-04-21 20:07:53"
826;104.0;368.0;30.1;87.6;10.4;260;"2025-04-21 20:08:03"
827;50.0;154.0;30.1;87.2;7.4;260;"2025-04-21 20:08:14"
828;108.0;300.0;30.1;86.7;10.5;259;"2025-04-21 20:08:24"
829;1358.0;43509.0;30.1;85.1;19.7;260;"2025-04-21 20:08:35"
830;5190.0;227.0;30.1;85.8;30.2;260;"2025-04-21 20:08:45"
831;54.0;239.0;30.1;86.7;14.0;259;"2025-04-21 20:08:56"
832;0.0;94.0;30.1;85.9;11.4;259;"2025-04-21 20:09:07"
833;216.0;535.0;30.1;87.6;8.6;259;"2025-04-21 20:09:17"
834;108.0;362.0;30.1;87.6;10.6;259;"2025-04-21 20:09:27"
835;0.0;94.0;30.1;87.4;14.9;259;"2025-04-21 20:09:38"
836;4972.0;9341.0;30.1;86.4;16.4;259;"2025-04-21 20:09:48"
837;3709.0;5162.0;30.1;86.4;14.5;259;"2025-04-21 20:09:58"
838;318.0;8070.0;30.1;86.8;9.5;260;"2025-04-21 20:10:09"
839;198.0;13093.0;30.1;86.3;3.9;260;"2025-04-21 20:10:19"
840;2188.0;9423.0;30.1;86.2;11.3;259;"2025-04-21 20:10:29"
841;202.0;13450.0;30.1;86.1;5.3;259;"2025-04-21 20:10:39"
842;120.0;10284.0;30.1;86.6;9.1;259;"2025-04-21 20:10:50"
843;33626.0;382434.0;30.1;87.1;29.9;259;"2025-04-21 20:11:00"
844;850.0;8364.0;30.1;86.9;14.3;259;"2025-04-21 20:11:10"
845;148.0;255.0;30.1;86.9;13.1;259;"2025-04-21 20:11:21"
846;108.0;616.0;30.1;86.9;9.0;259;"2025-04-21 20:11:31"
847;1892.0;1663.0;30.1;87.1;17.8;259;"2025-04-21 20:11:42"
848;54.0;329.0;30.1;86.9;11.9;259;"2025-04-21 20:11:52"
849;162.0;587.0;30.1;87.0;5.7;259;"2025-04-21 20:12:03"
850;24468.0;61374.0;30.1;87.1;31.3;259;"2025-04-21 20:12:13"
851;13425.0;6595.0;30.1;87.5;13.2;259;"2025-04-21 20:12:24"
852;11497.0;13543.0;30.1;87.9;8.2;259;"2025-04-21 20:12:34"
853;2830.0;6466.0;30.1;87.9;17.6;259;"2025-04-21 20:12:44"
854;1772.0;12330.0;30.1;87.2;6.8;259;"2025-04-21 20:12:54"
855;3683.0;3304.0;30.1;87.4;8.7;259;"2025-04-21 20:13:05"
856;48410.0;927384.0;30.1;87.7;7.9;259;"2025-04-21 20:13:15"
857;108.0;7262.0;30.1;87.6;7.0;259;"2025-04-21 20:13:25"
858;8311.0;7126.0;30.1;88.0;4.3;259;"2025-04-21 20:13:36"
859;12837.0;17693.0;30.1;87.9;7.1;259;"2025-04-21 20:13:46"
860;362.0;9718.0;30.1;87.8;10.8;259;"2025-04-21 20:13:56"
861;54.0;7180.0;30.1;87.6;7.5;259;"2025-04-21 20:14:06"
862;3487.0;10279.0;30.1;87.9;17.2;259;"2025-04-21 20:14:16"
863;7003.0;12225.0;30.1;87.9;8.7;259;"2025-04-21 20:14:27"
864;3399.0;10020.0;30.1;87.9;8.3;259;"2025-04-21 20:14:37"
865;51982.0;4585793.0;30.1;88.1;17.1;259;"2025-04-21 20:14:48"
866;104.0;7228.0;30.1;87.3;9.2;259;"2025-04-21 20:14:58"
867;427.0;15394.0;30.1;87.3;5.3;259;"2025-04-21 20:15:08"
868;1544.0;14615.0;30.1;87.4;11.6;259;"2025-04-21 20:15:18"
869;152.0;20575.0;30.1;87.2;3.9;259;"2025-04-21 20:15:28"
870;5627.0;16315.0;30.1;87.2;5.8;259;"2025-04-21 20:15:39"
871;198.0;19432.0;30.1;87.1;6.1;259;"2025-04-21 20:15:49"
872;7745.0;30485.0;30.1;87.1;15.1;259;"2025-04-21 20:15:59"
873;12959.0;8992.0;30.1;87.1;6.1;259;"2025-04-21 20:16:09"
874;10826.0;7389.0;30.1;86.9;7.4;259;"2025-04-21 20:16:19"
875;6193.0;7853.0;30.1;86.9;16.9;259;"2025-04-21 20:16:29"
876;1762.0;17720.0;30.1;86.9;5.7;259;"2025-04-21 20:16:39"
877;1980.0;20524.0;30.1;86.9;6.0;259;"2025-04-21 20:16:49"
878;1902.0;19019.0;30.1;86.9;4.6;259;"2025-04-21 20:16:59"
879;2002.0;8029.0;30.1;86.9;17.3;259;"2025-04-21 20:17:09"
880;1099.0;23416.0;30.1;86.0;5.3;259;"2025-04-21 20:17:19"
881;12860.0;7281.0;30.1;86.0;6.7;259;"2025-04-21 20:17:29"
882;351.0;17997.0;30.1;86.0;8.5;259;"2025-04-21 20:17:39"
883;6932.0;18495.0;30.1;85.9;5.7;257;"2025-04-21 20:17:49"
884;9443.0;17336.0;30.1;85.8;10.4;257;"2025-04-21 20:17:59"
885;1866.0;19118.0;30.1;85.8;6.5;257;"2025-04-21 20:18:09"
886;2918.0;20296.0;30.1;85.9;6.5;257;"2025-04-21 20:18:19"
887;11366.0;7603.0;30.1;85.9;6.5;257;"2025-04-21 20:18:29"
888;7253.0;10849.0;30.1;85.9;5.1;257;"2025-04-21 20:18:39"
889;22294.0;15824.0;30.1;86.0;11.3;257;"2025-04-21 20:18:49"
890;2852.0;23879.0;30.1;85.9;5.2;259;"2025-04-21 20:18:59"
891;1412.0;20110.0;30.1;86.1;6.2;259;"2025-04-21 20:19:09"
892;998.0;14323.0;30.1;86.3;6.4;259;"2025-04-21 20:19:19"
893;921.0;11490.0;30.1;86.4;7.7;259;"2025-04-21 20:19:29"
894;13618.0;11242.0;30.1;86.3;13.3;259;"2025-04-21 20:19:40"
895;21039.0;28929.0;30.1;87.1;16.5;260;"2025-04-21 20:19:50"
896;3505.0;6971.0;30.1;88.0;8.6;261;"2025-04-21 20:20:00"
897;3125.0;8138.0;30.1;88.3;11.5;260;"2025-04-21 20:20:10"
898;7214.0;10206.0;30.1;88.0;6.4;259;"2025-04-21 20:20:20"
899;4704.0;14385.0;30.1;87.8;6.6;258;"2025-04-21 20:20:30"
900;109.0;7191.0;30.1;88.1;10.2;259;"2025-04-21 20:20:40"
901;4062.0;7245.0;30.1;88.0;5.3;259;"2025-04-21 20:20:50"
902;1029.0;7474.0;30.1;88.0;4.8;259;"2025-04-21 20:21:00"
903;216.0;7434.0;30.1;88.0;6.1;259;"2025-04-21 20:21:10"
904;7905.0;20275.0;30.1;88.3;14.2;259;"2025-04-21 20:21:20"
905;1253.0;12741.0;30.1;88.5;9.7;259;"2025-04-21 20:21:30"
906;1361.0;9513.0;30.1;88.3;12.9;259;"2025-04-21 20:21:40"
907;441.0;7133.0;30.1;88.3;10.1;259;"2025-04-21 20:21:51"
908;148.0;9717.0;30.1;88.1;6.8;259;"2025-04-21 20:22:01"
909;2748.0;20502.0;30.1;88.1;13.6;259;"2025-04-21 20:22:11"
910;324.0;7219.0;30.1;87.9;4.6;261;"2025-04-21 20:22:21"
911;210.0;6946.0;30.1;87.9;18.3;264;"2025-04-21 20:22:32"
912;1231.0;11385.0;30.1;88.9;8.2;264;"2025-04-21 20:22:42"
913;3674.0;7092.0;30.1;89.2;10.7;266;"2025-04-21 20:22:53"
914;5500.0;84063.0;30.1;83.8;4.6;266;"2025-04-21 20:23:03"
915;198.0;7763.0;30.1;84.0;7.8;266;"2025-04-21 20:23:14"
916;5724.0;22150.0;30.1;83.8;4.9;266;"2025-04-21 20:23:24"
917;1818.0;20304.0;30.1;83.3;5.7;266;"2025-04-21 20:23:34"
918;102.0;6854.0;30.1;83.2;5.6;266;"2025-04-21 20:23:45"
919;296.0;18795.0;30.1;83.2;5.2;264;"2025-04-21 20:23:55"
920;148.0;10332.0;30.1;83.1;4.5;264;"2025-04-21 20:24:05"
921;1974.0;28418.0;30.1;83.1;4.7;264;"2025-04-21 20:24:15"
922;290.0;16763.0;30.1;82.9;6.8;264;"2025-04-21 20:24:25"
923;256.0;9626.0;30.1;83.0;7.3;264;"2025-04-21 20:24:36"
924;10462.0;9632.0;30.1;83.0;4.5;264;"2025-04-21 20:24:46"
925;5339.0;11079.0;30.1;82.9;9.4;264;"2025-04-21 20:24:56"
926;5054.0;7073.0;30.1;83.0;7.2;261;"2025-04-21 20:25:06"
927;1664.0;16062.0;30.1;83.0;6.1;261;"2025-04-21 20:25:16"
928;1866.0;19852.0;30.1;82.9;4.5;261;"2025-04-21 20:25:26"
929;1764.0;22364.0;30.1;82.9;4.9;261;"2025-04-21 20:25:36"
930;1810.0;23519.0;30.1;82.9;14.6;261;"2025-04-21 20:25:47"
931;8321.0;19323.0;30.1;83.3;10.0;261;"2025-04-21 20:25:57"
932;2610.0;20737.0;30.1;82.9;3.6;261;"2025-04-21 20:26:07"
933;1962.0;20069.0;30.1;82.9;5.8;261;"2025-04-21 20:26:17"
934;2060.0;19907.0;30.1;82.9;4.4;261;"2025-04-21 20:26:27"
935;4802.0;7170.0;30.1;82.8;3.9;261;"2025-04-21 20:26:37"
936;1744.0;17132.0;30.1;82.7;5.9;261;"2025-04-21 20:26:47"
937;1818.0;24154.0;30.1;82.6;5.6;261;"2025-04-21 20:26:57"
938;2068.0;20356.0;30.1;82.6;4.7;261;"2025-04-21 20:27:07"
939;2209.0;20419.0;30.1;82.3;6.3;261;"2025-04-21 20:27:17"
940;543.0;8194.0;30.1;82.3;5.1;261;"2025-04-21 20:27:27"
941;0.0;11453.0;30.1;82.3;11.7;261;"2025-04-21 20:27:37"
942;2056.0;21537.0;30.1;82.3;5.5;261;"2025-04-21 20:27:47"
943;1908.0;19891.0;30.1;82.3;5.2;261;"2025-04-21 20:27:57"
944;2094.0;25957.0;30.1;82.3;9.4;261;"2025-04-21 20:28:07"
945;8420.0;23742.0;30.1;82.4;5.6;261;"2025-04-21 20:28:17"
946;1756.0;17845.0;30.1;82.4;5.1;261;"2025-04-21 20:28:27"
947;1858.0;24313.0;30.1;82.4;5.1;261;"2025-04-21 20:28:37"
948;1802.0;26689.0;30.1;82.4;4.4;261;"2025-04-21 20:28:47"
949;1596.0;30109.0;30.1;82.4;8.2;261;"2025-04-21 20:28:57"
950;1932.0;28981.0;30.1;82.4;7.4;261;"2025-04-21 20:29:07"
951;7845.0;125473.0;30.1;83.3;24.6;267;"2025-04-21 20:29:18"
952;1922.0;20036.0;30.1;84.7;16.2;263;"2025-04-21 20:29:28"
953;1984.0;28674.0;30.1;84.3;6.1;263;"2025-04-21 20:29:38"
954;419.0;18938.0;30.1;84.3;8.2;263;"2025-04-21 20:29:48"
955;1090.0;16712.0;30.1;83.4;9.3;262;"2025-04-21 20:29:58"
956;1934.0;20074.0;30.1;83.3;8.4;263;"2025-04-21 20:30:08"
957;1904.0;28536.0;30.1;83.4;6.5;263;"2025-04-21 20:30:18"
958;5608.0;22793.0;30.1;83.3;4.5;262;"2025-04-21 20:30:29"
959;2322.0;28520.0;30.1;83.2;5.7;262;"2025-04-21 20:30:39"
960;1522.0;20630.0;30.1;83.5;15.1;264;"2025-04-21 20:30:49"
961;0.0;17161.0;30.1;83.8;10.7;264;"2025-04-21 20:30:59"
962;1822.0;24486.0;30.1;83.6;5.5;264;"2025-04-21 20:31:10"
963;54.0;15665.0;30.1;83.6;4.6;264;"2025-04-21 20:31:20"
964;0.0;21338.0;30.1;83.6;7.6;264;"2025-04-21 20:31:30"
965;1560.0;20360.0;30.1;83.6;4.5;264;"2025-04-21 20:31:40"
966;2104.0;22442.0;30.1;83.6;4.9;264;"2025-04-21 20:31:50"
967;11035.0;34191.0;30.1;83.9;6.3;264;"2025-04-21 20:32:00"
968;291.0;14648.0;30.1;83.9;4.8;264;"2025-04-21 20:32:10"
969;1874.0;30263.0;30.1;83.2;12.3;264;"2025-04-21 20:32:20"
970;735.0;31193.0;30.1;83.2;10.0;264;"2025-04-21 20:32:31"
971;1610.0;19921.0;30.1;82.9;7.5;264;"2025-04-21 20:32:41"
972;1838.0;25005.0;30.1;83.0;3.8;263;"2025-04-21 20:32:51"
973;725.0;9322.0;30.1;83.0;5.3;263;"2025-04-21 20:33:01"
974;2152.0;15540.0;30.1;83.0;15.0;263;"2025-04-21 20:33:11"
975;54.0;19574.0;30.1;83.3;5.0;263;"2025-04-21 20:33:21"
976;1316.0;15302.0;30.1;83.3;4.6;263;"2025-04-21 20:33:31"
977;1866.0;27131.0;30.1;83.3;8.4;263;"2025-04-21 20:33:41"
978;2185.0;22479.0;30.1;83.3;9.2;263;"2025-04-21 20:33:51"
979;1454.0;18074.0;30.1;83.3;6.1;263;"2025-04-21 20:34:01"
980;3638.0;25167.0;30.1;83.3;5.3;262;"2025-04-21 20:34:11"
981;528.0;22360.0;30.1;83.3;6.5;262;"2025-04-21 20:34:21"
982;1838.0;28136.0;30.1;83.3;7.4;262;"2025-04-21 20:34:31"
983;12636.0;31784.0;30.1;83.3;12.3;262;"2025-04-21 20:34:42"
984;1944.0;47572.0;30.1;83.6;13.1;262;"2025-04-21 20:34:52"
985;2400.0;28844.0;30.1;83.4;8.9;262;"2025-04-21 20:35:02"
986;3398.0;30604.0;30.1;83.4;7.8;262;"2025-04-21 20:35:12"
987;3922.0;30739.0;30.1;83.5;5.2;262;"2025-04-21 20:35:22"
988;3627.0;39105.0;30.1;83.5;10.8;262;"2025-04-21 20:35:32"
989;4325.0;53406.0;30.1;83.3;5.3;262;"2025-04-21 20:35:42"
990;2426.0;18005.0;30.1;83.1;13.7;262;"2025-04-21 20:35:52"
991;3916.0;28746.0;30.1;83.3;6.0;262;"2025-04-21 20:36:02"
992;3258.0;32493.0;30.1;83.2;10.3;262;"2025-04-21 20:36:12"
993;3832.0;48087.0;30.1;83.1;9.4;262;"2025-04-21 20:36:22"
994;2674.0;21812.0;30.1;83.2;6.7;262;"2025-04-21 20:36:32"
995;9907.0;28003.0;30.1;83.2;5.3;262;"2025-04-21 20:36:42"
996;2222.0;21031.0;30.1;83.3;4.5;262;"2025-04-21 20:36:52"
997;4240.0;30881.0;30.1;83.2;9.4;262;"2025-04-21 20:37:02"
998;3008.0;21750.0;30.1;83.2;16.4;262;"2025-04-21 20:37:12"
999;274.0;12257.0;30.1;82.6;11.7;262;"2025-04-21 20:37:23"
1000;602.0;12801.0;30.1;82.7;7.9;261;"2025-04-21 20:37:33"
1001;1430.0;16395.0;30.1;82.6;3.8;261;"2025-04-21 20:37:43"
1002;3784.0;28242.0;30.1;82.6;11.8;263;"2025-04-21 20:37:53"
1003;4011.0;55873.0;30.1;82.6;8.3;265;"2025-04-21 20:38:03"
1004;2444.0;27187.0;30.1;83.2;7.3;265;"2025-04-21 20:38:14"
1005;6250.0;30985.0;30.1;83.9;7.6;265;"2025-04-21 20:38:24"
1006;3844.0;29296.0;30.1;83.9;5.2;266;"2025-04-21 20:38:34"
1007;3945.0;28790.0;30.1;84.1;9.0;268;"2025-04-21 20:38:45"
1008;1551.0;5153.0;30.1;84.1;8.6;267;"2025-04-21 20:38:55"
1009;3512.0;16101.0;30.1;84.1;7.1;266;"2025-04-21 20:39:06"
1010;3528.0;38835.0;30.1;84.8;19.5;266;"2025-04-21 20:39:16"
1011;3967.0;40233.0;30.1;83.6;6.1;266;"2025-04-21 20:39:26"
1012;2584.0;20559.0;30.1;83.5;6.4;265;"2025-04-21 20:39:37"
1013;1671.0;10286.0;30.1;83.5;5.7;263;"2025-04-21 20:39:47"
1014;3664.0;23343.0;30.1;83.4;7.7;263;"2025-04-21 20:39:57"
1015;2799.0;21073.0;30.1;83.5;8.7;265;"2025-04-21 20:40:07"
1016;3436.0;29847.0;30.1;83.9;6.1;266;"2025-04-21 20:40:18"
1017;6875.0;13320.0;30.1;83.8;9.0;265;"2025-04-21 20:40:28"
1018;649.0;13309.0;30.1;83.5;7.2;265;"2025-04-21 20:40:39"
1019;2016.0;13245.0;30.1;83.6;13.8;264;"2025-04-21 20:40:49"
1020;1168.0;14835.0;30.1;83.6;11.6;263;"2025-04-21 20:40:59"
1021;3424.0;35515.0;30.1;83.6;14.9;263;"2025-04-21 20:41:09"
1022;2814.0;23323.0;30.1;83.7;6.0;263;"2025-04-21 20:41:19"
1023;3248.0;41613.0;30.1;83.5;5.9;263;"2025-04-21 20:41:30"
1024;2190.0;24315.0;30.1;83.7;5.7;263;"2025-04-21 20:41:40"
1025;1426.0;18199.0;30.1;83.6;5.5;263;"2025-04-21 20:41:50"
1026;3854.0;27876.0;30.1;83.7;5.5;263;"2025-04-21 20:42:00"
1027;3338.0;21887.0;30.1;83.7;8.2;263;"2025-04-21 20:42:11"
1028;7370.0;51393.0;30.1;81.1;6.1;263;"2025-04-21 20:42:21"
1029;1386.0;33944.0;30.1;81.1;6.2;263;"2025-04-21 20:42:31"
1030;2207.0;59236.0;30.1;81.1;8.0;263;"2025-04-21 20:42:41"
1031;3394.0;17323.0;30.1;81.1;8.9;263;"2025-04-21 20:42:51"
1032;3502.0;39449.0;30.1;81.1;13.7;263;"2025-04-21 20:43:01"
1033;3094.0;15774.0;30.1;81.1;9.1;263;"2025-04-21 20:43:12"
1034;2471.0;18691.0;30.1;81.2;5.7;263;"2025-04-21 20:43:22"
1035;1428.0;28817.0;30.1;81.1;10.4;262;"2025-04-21 20:43:32"
1036;2439.0;27627.0;30.1;81.0;6.0;262;"2025-04-21 20:43:42"
1037;298.0;9942.0;30.1;81.0;9.2;262;"2025-04-21 20:43:52"
1038;1914.0;45911.0;30.1;81.1;5.2;262;"2025-04-21 20:44:02"
1039;1316.0;41997.0;30.1;81.1;9.5;262;"2025-04-21 20:44:12"
1040;2187.0;17120.0;30.1;81.4;6.7;264;"2025-04-21 20:44:22"
1041;1822.0;20264.0;30.1;81.4;6.9;264;"2025-04-21 20:44:33"
1042;3460.0;35950.0;30.1;81.2;12.7;264;"2025-04-21 20:44:43"
1043;4196.0;18595.0;30.1;81.1;6.5;264;"2025-04-21 20:44:53"
1044;3524.0;37509.0;30.1;81.2;6.9;264;"2025-04-21 20:45:03"
1045;238.0;522.0;30.1;81.2;9.5;264;"2025-04-21 20:45:13"
1046;3546.0;17970.0;30.1;81.1;9.6;262;"2025-04-21 20:45:23"
1047;3324.0;17963.0;30.1;81.1;6.4;262;"2025-04-21 20:45:34"
1048;1724.0;19181.0;30.1;81.2;8.8;262;"2025-04-21 20:45:44"
1049;3722.0;28022.0;30.1;81.1;5.7;262;"2025-04-21 20:45:54"
1050;3160.0;18138.0;30.1;81.0;6.0;262;"2025-04-21 20:46:04"
1051;14138.0;3950.0;30.1;81.1;7.1;262;"2025-04-21 20:46:14"
1052;6760.0;2889.0;30.1;81.0;6.8;262;"2025-04-21 20:46:24"
1053;3937.0;21835.0;30.1;80.9;6.0;262;"2025-04-21 20:46:34"
1054;14511.0;2782.0;30.1;80.9;5.4;262;"2025-04-21 20:46:44"
1055;1813.0;15350.0;30.1;80.9;9.5;262;"2025-04-21 20:46:54"
1056;12011.0;13528.0;30.1;80.9;4.6;263;"2025-04-21 20:47:04"
1057;12616.0;8936.0;30.1;81.0;14.4;263;"2025-04-21 20:47:15"
1058;10186.0;15343.0;30.1;79.3;8.6;263;"2025-04-21 20:47:25"
1059;15900.0;42353.0;30.1;79.3;9.0;262;"2025-04-21 20:47:35"
1060;14829.0;32737.0;30.1;79.3;6.9;262;"2025-04-21 20:47:45"
1061;1472.0;20260.0;30.1;79.2;7.1;261;"2025-04-21 20:47:55"
1062;1774.0;30054.0;30.1;79.2;6.2;261;"2025-04-21 20:48:05"
1063;9395.0;23652.0;30.1;79.3;4.1;262;"2025-04-21 20:48:16"
1064;874.0;5929.0;30.1;79.3;4.6;262;"2025-04-21 20:48:26"
1065;2550.0;11390.0;30.1;79.4;6.0;264;"2025-04-21 20:48:36"
1066;1957.0;10252.0;30.1;80.9;16.0;263;"2025-04-21 20:48:47"
1067;3757.0;38253.0;30.1;80.7;5.4;263;"2025-04-21 20:48:57"
1068;3430.0;44429.0;30.1;80.4;6.3;263;"2025-04-21 20:49:07"
1069;3648.0;51626.0;30.1;79.6;7.6;263;"2025-04-21 20:49:17"
1070;3798.0;41216.0;30.1;79.4;4.2;263;"2025-04-21 20:49:27"
1071;1462.0;86910.0;30.1;79.5;6.2;263;"2025-04-21 20:49:38"
1072;2018.0;20257.0;30.1;79.6;17.7;263;"2025-04-21 20:49:48"
1073;2682.0;16501.0;30.1;79.6;5.6;263;"2025-04-21 20:49:58"
1074;3624.0;20787.0;30.1;79.6;11.4;264;"2025-04-21 20:50:08"
1075;1464.0;3810.0;30.1;79.7;5.2;264;"2025-04-21 20:50:18"
1076;5947.0;17902.0;30.1;79.6;6.0;263;"2025-04-21 20:50:29"
1077;2781.0;19959.0;30.1;79.6;8.1;263;"2025-04-21 20:50:39"
1078;2272.0;21520.0;30.1;79.7;4.7;263;"2025-04-21 20:50:49"
1079;1838.0;13151.0;30.1;79.6;7.7;263;"2025-04-21 20:50:59"
1080;4105.0;20315.0;30.1;79.5;6.1;263;"2025-04-21 20:51:09"
1081;1192.0;4804.0;30.1;79.6;6.4;263;"2025-04-21 20:51:19"
1082;2118.0;79501.0;30.1;79.7;4.4;265;"2025-04-21 20:51:30"
1083;3716.0;16997.0;30.1;79.6;6.8;267;"2025-04-21 20:51:40"
1084;3862.0;18558.0;30.1;79.6;7.9;266;"2025-04-21 20:51:50"
1085;1784.0;6515.0;30.1;79.8;7.4;266;"2025-04-21 20:52:00"
1086;3554.0;20512.0;30.1;79.8;5.3;266;"2025-04-21 20:52:11"
1087;1976.0;9843.0;30.1;79.9;4.8;266;"2025-04-21 20:52:21"
1088;4159.0;55754.0;30.1;79.9;13.1;264;"2025-04-21 20:52:31"
1089;742.0;14288.0;30.1;79.7;9.9;264;"2025-04-21 20:52:41"
1090;1405.0;57131.0;30.1;79.8;6.6;265;"2025-04-21 20:52:51"
1091;3951.0;20066.0;30.1;79.9;12.4;264;"2025-04-21 20:53:02"
1092;4968.0;24708.0;30.1;79.8;7.1;264;"2025-04-21 20:53:12"
1093;1586.0;42135.0;30.1;79.6;6.5;264;"2025-04-21 20:53:22"
1094;3283.0;21000.0;30.1;79.7;4.7;264;"2025-04-21 20:53:32"
1095;548.0;12660.0;30.1;79.6;5.9;263;"2025-04-21 20:53:42"
1096;2115.0;44803.0;30.1;79.7;5.4;262;"2025-04-21 20:53:52"
1097;1548.0;3362.0;30.1;79.7;5.0;262;"2025-04-21 20:54:02"
1098;1946.0;38610.0;30.1;79.7;13.3;262;"2025-04-21 20:54:13"
1099;1707.0;13352.0;30.1;79.5;7.1;262;"2025-04-21 20:54:23"
1100;269.0;3493.0;30.1;79.5;8.2;262;"2025-04-21 20:54:33"
1101;452.0;12393.0;30.1;79.4;5.6;262;"2025-04-21 20:54:43"
1102;342.0;13186.0;30.1;79.5;6.2;262;"2025-04-21 20:54:53"
1103;7983.0;8607.0;30.1;79.5;6.1;262;"2025-04-21 20:55:03"
1104;2230.0;18480.0;30.1;79.6;7.4;262;"2025-04-21 20:55:13"
1105;230.0;2359.0;30.1;79.6;7.4;262;"2025-04-21 20:55:23"
1106;12627.0;107393.0;30.1;79.6;9.5;263;"2025-04-21 20:55:33"
1107;1844.0;6559.0;30.1;79.6;6.4;263;"2025-04-21 20:55:44"
1108;2114.0;16671.0;30.1;79.5;6.7;263;"2025-04-21 20:55:54"
1109;545.0;13006.0;30.1;79.5;4.4;262;"2025-04-21 20:56:04"
1110;1597.0;13794.0;30.1;79.7;4.5;263;"2025-04-21 20:56:14"
1111;10699.0;12026.0;30.1;79.6;10.4;263;"2025-04-21 20:56:24"
1112;2478.0;47643.0;30.1;79.6;8.2;263;"2025-04-21 20:56:34"
1113;3827.0;23666.0;30.1;79.6;4.8;262;"2025-04-21 20:56:45"
1114;1224.0;29791.0;30.1;79.6;6.1;262;"2025-04-21 20:56:55"
1115;6840.0;10624.0;30.1;79.6;5.1;262;"2025-04-21 20:57:05"
1116;2300.0;6990.0;30.1;79.8;6.0;262;"2025-04-21 20:57:15"
1117;1528.0;15284.0;30.1;77.9;4.9;262;"2025-04-21 20:57:25"
1118;1708.0;28699.0;30.1;77.9;6.9;262;"2025-04-21 20:57:35"
1119;3686.0;24486.0;30.1;77.9;7.2;262;"2025-04-21 20:57:45"
1120;5810.0;10478.0;30.1;78.0;9.3;262;"2025-04-21 20:57:55"
1121;2788.0;19012.0;30.1;78.0;5.7;262;"2025-04-21 20:58:06"
1122;6993.0;23415.0;30.1;77.8;5.3;262;"2025-04-21 20:58:16"
1123;1611.0;3127.0;30.1;77.9;6.2;262;"2025-04-21 20:58:26"
1124;1706.0;35774.0;30.1;78.1;6.1;261;"2025-04-21 20:58:36"
1125;3032.0;22669.0;30.1;78.0;4.7;261;"2025-04-21 20:58:46"
1126;10683.0;23860.0;30.1;78.1;5.3;261;"2025-04-21 20:58:56"
1127;1920.0;16885.0;30.1;78.0;9.2;261;"2025-04-21 20:59:06"
1128;3532.0;16075.0;30.1;78.1;7.5;261;"2025-04-21 20:59:16"
1129;2223.0;9140.0;30.1;78.1;7.1;261;"2025-04-21 20:59:26"
1130;844.0;3124.0;30.1;78.1;4.4;261;"2025-04-21 20:59:36"
1131;3726.0;18452.0;30.1;78.1;8.2;261;"2025-04-21 20:59:47"
1132;3343.0;26253.0;30.1;78.1;5.7;261;"2025-04-21 20:59:57"
1133;1384.0;24412.0;30.1;78.1;3.8;262;"2025-04-21 21:00:07"
1134;2040.0;34065.0;30.1;78.4;7.6;260;"2025-04-21 21:00:17"
1135;22372.0;6589.0;30.1;80.1;12.1;263;"2025-04-21 21:00:29"
1136;251564.0;14629.0;30.1;82.7;14.2;263;"2025-04-21 21:00:41"
1137;125650.0;18699.0;30.1;81.7;17.0;263;"2025-04-21 21:00:51"
1138;87447.0;9848.0;30.1;81.5;18.9;263;"2025-04-21 21:01:02"
1139;87427.0;7684.0;30.1;81.1;9.3;262;"2025-04-21 21:01:13"
1140;187670.0;14174.0;30.1;81.2;6.1;262;"2025-04-21 21:01:23"
1141;100861.0;4895.0;30.1;80.9;8.9;262;"2025-04-21 21:01:34"
1142;165763.0;5198.0;30.1;81.3;18.3;269;"2025-04-21 21:01:45"
1143;92990.0;7572.0;30.1;84.2;19.6;265;"2025-04-21 21:01:56"
1144;75366.0;8683.0;30.1;83.7;18.2;265;"2025-04-21 21:02:07"
1145;127837.0;1504.0;30.1;83.7;12.9;265;"2025-04-21 21:02:18"
1146;185921.0;1488.0;30.1;83.9;29.0;265;"2025-04-21 21:02:29"
1147;126965.0;14010.0;30.1;84.1;14.0;265;"2025-04-21 21:02:39"
1148;257026.0;9070.0;30.1;83.6;11.2;265;"2025-04-21 21:02:50"
1149;366089.0;5739.0;30.1;84.5;8.4;266;"2025-04-21 21:03:01"
1150;123966.0;7283.0;30.1;84.5;13.5;266;"2025-04-21 21:03:12"
1151;97549.0;7252.0;30.1;84.4;13.7;266;"2025-04-21 21:03:23"
1152;90365.0;1504.0;30.1;84.4;14.6;266;"2025-04-21 21:03:34"
1153;225693.0;2136.0;30.1;83.9;10.8;266;"2025-04-21 21:03:45"
1154;295906.0;14183.0;30.1;84.2;18.0;266;"2025-04-21 21:03:56"
1155;305643.0;15792.0;30.1;84.2;14.9;266;"2025-04-21 21:04:07"
1156;86564.0;5237.0;30.1;84.3;11.6;266;"2025-04-21 21:04:18"
1157;127738.0;13157.0;30.1;84.3;22.7;266;"2025-04-21 21:04:29"
1158;77060.0;3241.0;30.1;84.6;18.1;267;"2025-04-21 21:04:40"
1159;338835.0;1202886.0;30.1;86.7;19.8;267;"2025-04-21 21:04:52"
1160;172547.0;9354.0;30.1;85.5;22.7;267;"2025-04-21 21:05:03"
1161;334235.0;2388.0;30.1;84.9;20.4;267;"2025-04-21 21:05:13"
1162;84415.0;4320.0;30.1;84.8;14.4;267;"2025-04-21 21:05:24"
1163;166615.0;16391.0;30.1;84.7;14.8;267;"2025-04-21 21:05:35"
1164;277129.0;18312.0;30.1;84.6;7.0;267;"2025-04-21 21:05:46"
1165;97673.0;22242.0;30.1;84.6;13.8;267;"2025-04-21 21:05:57"
1166;371024.0;9167.0;30.1;84.7;18.4;267;"2025-04-21 21:06:09"
1167;122272.0;2029.0;30.1;85.1;11.8;267;"2025-04-21 21:06:20"
1168;93301.0;1468.0;30.1;84.9;6.0;267;"2025-04-21 21:06:30"
1169;257830.0;1770.0;30.1;84.8;6.9;267;"2025-04-21 21:06:41"
1170;279500.0;5324.0;30.1;84.9;6.4;267;"2025-04-21 21:06:51"
1171;87971.0;16750.0;30.1;84.9;17.7;267;"2025-04-21 21:07:02"
1172;208182.0;13791.0;30.1;84.8;9.8;267;"2025-04-21 21:07:13"
1173;86148.0;14336.0;30.1;83.9;10.5;267;"2025-04-21 21:07:23"
1174;82723.0;21308.0;30.1;84.0;11.7;267;"2025-04-21 21:07:34"
1175;419801.0;16607.0;30.1;84.9;21.4;267;"2025-04-21 21:07:45"
1176;236381.0;33915.0;30.1;85.2;11.1;269;"2025-04-21 21:07:57"
1177;83460.0;79068.0;30.1;84.9;7.8;269;"2025-04-21 21:08:08"
1178;182419.0;16313.0;30.1;84.6;7.4;269;"2025-04-21 21:08:18"
1179;80281.0;9086.0;30.1;84.6;18.6;269;"2025-04-21 21:08:29"
1180;150767.0;8955.0;30.1;84.9;5.7;269;"2025-04-21 21:08:40"
1181;134739.0;14699.0;30.1;85.0;10.5;268;"2025-04-21 21:08:51"
1182;222298.0;9462.0;30.1;84.6;25.1;268;"2025-04-21 21:09:02"
1183;318196.0;105850.0;30.1;86.8;15.4;269;"2025-04-21 21:09:13"
1184;97697.0;11695.0;30.1;86.8;6.2;269;"2025-04-21 21:09:24"
1185;291288.0;9636.0;30.1;86.5;11.9;269;"2025-04-21 21:09:35"
1186;56008.0;10139.0;30.1;86.9;7.1;268;"2025-04-21 21:09:47"
1187;97165.0;32479.0;30.1;85.8;24.1;268;"2025-04-21 21:09:57"
1188;81808.0;24532.0;30.1;85.8;10.3;269;"2025-04-21 21:10:08"
1189;288112.0;9246.0;30.1;86.1;12.4;269;"2025-04-21 21:10:19"
1190;112114.0;20578.0;30.1;86.0;15.3;268;"2025-04-21 21:10:30"
1191;150834.0;16526.0;30.1;86.1;7.9;268;"2025-04-21 21:10:41"
1192;92100.0;22334.0;30.1;86.1;7.9;268;"2025-04-21 21:10:52"
1193;109444.0;9733.0;30.1;85.5;17.7;268;"2025-04-21 21:11:03"
1194;77471.0;13458.0;30.1;85.5;11.6;268;"2025-04-21 21:11:14"
1195;75498.0;18210.0;30.1;85.8;11.9;268;"2025-04-21 21:11:25"
1196;94002.0;15176.0;30.1;86.3;10.4;268;"2025-04-21 21:11:36"
1197;302498.0;20078.0;30.1;86.2;15.8;268;"2025-04-21 21:11:47"
1198;174747.0;24755.0;30.1;86.6;12.8;268;"2025-04-21 21:11:58"
1199;93471.0;17402.0;30.1;86.7;12.7;268;"2025-04-21 21:12:10"
1200;148.0;20572.0;30.1;86.1;4.7;268;"2025-04-21 21:12:20"
1201;1182.0;13870.0;30.1;85.9;15.8;268;"2025-04-21 21:12:31"
1202;454.0;10376.0;30.1;85.7;6.9;267;"2025-04-21 21:12:41"
1203;498.0;16520.0;30.1;85.7;7.8;267;"2025-04-21 21:12:51"
1204;0.0;11022.0;30.1;85.4;5.2;267;"2025-04-21 21:13:02"
1205;2154.0;145193.0;30.1;85.7;13.1;267;"2025-04-21 21:13:12"
